example_index,key,video_id,question,choices,task,correct_choice,pred112,pred224,acc112,acc224,gold_label,gate_column,gate_threshold,low_confidence_when,gate_fs,challenger_fs,default_gate_value,default_low_confidence,default_challenger_agree,fs224_gate_value,fs224_low_confidence,fs112_fs224_agree,verifier,decision,pred_label,verifier_choice,verifier_confidence,verifier_reason,min_fs112_verifier_confidence,fs112_confidence_fallback,fs112_confidence_fallback_reason,parse_error,default_fs,routed_fs,routed_acc,selective_oracle_fs,selective_oracle_acc,full_oracle_acc,source_112,source_224,raw_response,_routed_row_index,latency_case,latency_sample_index,case_full_count,case_full_ratio,case_sample_count,full_total_count,sample_seed
403,"{""choices"": ""[\""Dog\"", \""Cat\"", \""Rabbit\"", \""Spider\""]"", ""correct_choice"": ""D"", ""question"": ""What animal shape is the movable camera in the film?"", ""video_id"": ""1_plotQA/movie101_70""}",1_plotQA/movie101_70,What animal shape is the movable camera in the film?,"[""Dog"", ""Cat"", ""Rabbit"", ""Spider""]",plotQA,D,D,D,1.0,1.0,tie,prob_margin,0.5,lt,224,112,0.9661410478875041,False,True,0.9661410478875041,False,True,llm,accept_fs224_high_confidence,route_224,,,,0.0,False,,,224,224,1.0,224,1.0,1.0,/mnt/ssd1/mwnoh/var-resolution-mlvu-confidence/fs112_lb72_rs144/1_0.csv,/mnt/ssd1/mwnoh/var-resolution-mlvu-confidence/fs224_lb18_rs36/1_0.csv,,403,case1_high_confidence,0,1274,0.5860165593,30,2174,2026
999,"{""choices"": ""[\""On the table\"", \""In the shelf.\"", \""Under the bed\"", \""In the fridge\""]"", ""correct_choice"": ""B"", ""question"": ""Where did I put the red cap bottle?"", ""video_id"": ""3_ego/ego_32""}",3_ego/ego_32,Where did I put the red cap bottle?,"[""On the table"", ""In the shelf."", ""Under the bed"", ""In the fridge""]",ego,B,B,B,1.0,1.0,tie,prob_margin,0.5,lt,224,112,0.8746192418038845,False,True,0.8746192418038845,False,True,llm,accept_fs224_high_confidence,route_224,,,,0.0,False,,,224,224,1.0,224,1.0,1.0,/mnt/ssd1/mwnoh/var-resolution-mlvu-confidence/fs112_lb72_rs144/1_0.csv,/mnt/ssd1/mwnoh/var-resolution-mlvu-confidence/fs224_lb18_rs36/1_0.csv,,999,case1_high_confidence,1,1274,0.5860165593,30,2174,2026
1881,"{""choices"": ""[\""Vandalism\"", \""Abuse\"", \""Fighting\"", \""Arson\""]"", ""correct_choice"": ""A"", ""question"": ""Does this surveillance footage contain any anomalies? If yes, which kind of anomaly?"", ""video_id"": ""6_anomaly_reco/surveil_72""}",6_anomaly_reco/surveil_72,"Does this surveillance footage contain any anomalies? If yes, which kind of anomaly?","[""Vandalism"", ""Abuse"", ""Fighting"", ""Arson""]",anomaly_reco,A,D,A,0.0,1.0,route_224,prob_margin,0.5,lt,224,112,0.7599807232618332,False,False,0.7599807232618332,False,False,llm,accept_fs224_high_confidence,route_224,,,,0.0,False,,,224,224,1.0,224,1.0,1.0,/mnt/ssd1/mwnoh/var-resolution-mlvu-confidence/fs112_lb72_rs144/1_0.csv,/mnt/ssd1/mwnoh/var-resolution-mlvu-confidence/fs224_lb18_rs36/1_0.csv,,1881,case1_high_confidence,2,1274,0.5860165593,30,2174,2026
1907,"{""choices"": ""[\""Vandalism\"", \""Shooting\"", \""Burglary\"", \""Arrest\""]"", ""correct_choice"": ""C"", ""question"": ""Are there any irregularities in this surveillance video? If there are, what sort are they?"", ""video_id"": ""6_anomaly_reco/surveil_96""}",6_anomaly_reco/surveil_96,"Are there any irregularities in this surveillance video? If there are, what sort are they?","[""Vandalism"", ""Shooting"", ""Burglary"", ""Arrest""]",anomaly_reco,C,C,C,1.0,1.0,tie,prob_margin,0.5,lt,224,112,0.8568901494145393,False,True,0.8568901494145393,False,True,llm,accept_fs224_high_confidence,route_224,,,,0.0,False,,,224,224,1.0,224,1.0,1.0,/mnt/ssd1/mwnoh/var-resolution-mlvu-confidence/fs112_lb72_rs144/1_0.csv,/mnt/ssd1/mwnoh/var-resolution-mlvu-confidence/fs224_lb18_rs36/1_0.csv,,1907,case1_high_confidence,3,1274,0.5860165593,30,2174,2026
346,"{""choices"": ""[\""They ran away quickly\"", \""They lay down to hide\"", \""They rolled out a cannon to fight\"", \""They set up a machine gun\""]"", ""correct_choice"": ""C"", ""question"": ""What preparation did the soldiers in the camp make to fight against the enemy's tanks?"", ""video_id"": ""1_plotQA/movie101_52""}",1_plotQA/movie101_52,What preparation did the soldiers in the camp make to fight against the enemy's tanks?,"[""They ran away quickly"", ""They lay down to hide"", ""They rolled out a cannon to fight"", ""They set up a machine gun""]",plotQA,C,C,D,1.0,0.0,route_112,prob_margin,0.5,lt,224,112,0.5514067560434341,False,False,0.5514067560434341,False,False,llm,accept_fs224_high_confidence,route_224,,,,0.0,False,,,224,224,0.0,224,0.0,1.0,/mnt/ssd1/mwnoh/var-resolution-mlvu-confidence/fs112_lb72_rs144/1_0.csv,/mnt/ssd1/mwnoh/var-resolution-mlvu-confidence/fs224_lb18_rs36/1_0.csv,,346,case1_high_confidence,4,1274,0.5860165593,30,2174,2026
731,"{""choices"": ""[\""On a mountain\"", \""In a forest\"", \""In a desert\"", \""In a city\""]"", ""correct_choice"": ""C"", ""question"": ""What is the setting of the scene where the SUV is parked for green screen or chroma key?"", ""video_id"": ""2_needle/needle_42""}",2_needle/needle_42,What is the setting of the scene where the SUV is parked for green screen or chroma key?,"[""On a mountain"", ""In a forest"", ""In a desert"", ""In a city""]",findNeedle,C,C,C,1.0,1.0,tie,prob_margin,0.5,lt,224,112,0.968618837185204,False,True,0.968618837185204,False,True,llm,accept_fs224_high_confidence,route_224,,,,0.0,False,,,224,224,1.0,224,1.0,1.0,/mnt/ssd1/mwnoh/var-resolution-mlvu-confidence/fs112_lb72_rs144/1_0.csv,/mnt/ssd1/mwnoh/var-resolution-mlvu-confidence/fs224_lb18_rs36/1_0.csv,,731,case1_high_confidence,5,1274,0.5860165593,30,2174,2026
2125,"{""choices"": ""[\""Romance\"", \""Thriller\"", \""Mystery\"", \""Action\""]"", ""correct_choice"": ""A"", ""question"": ""What type of film is this?"", ""video_id"": ""7_topic_reasoning/movie101_61""}",7_topic_reasoning/movie101_61,What type of film is this?,"[""Romance"", ""Thriller"", ""Mystery"", ""Action""]",topic_reasoning,A,A,A,1.0,1.0,tie,prob_margin,0.5,lt,224,112,0.8827857635915279,False,True,0.8827857635915279,False,True,llm,accept_fs224_high_confidence,route_224,,,,0.0,False,,,224,224,1.0,224,1.0,1.0,/mnt/ssd1/mwnoh/var-resolution-mlvu-confidence/fs112_lb72_rs144/1_0.csv,/mnt/ssd1/mwnoh/var-resolution-mlvu-confidence/fs224_lb18_rs36/1_0.csv,,2125,case1_high_confidence,6,1274,0.5860165593,30,2174,2026
2172,"{""choices"": ""[\""Bright\"", \""Dark and lightless\"", \""Spacious\"", \""Sunny\""]"", ""correct_choice"": ""B"", ""question"": ""What is the living environment of the giant octopus?"", ""video_id"": ""7_topic_reasoning/xiaoliyu_6""}",7_topic_reasoning/xiaoliyu_6,What is the living environment of the giant octopus?,"[""Bright"", ""Dark and lightless"", ""Spacious"", ""Sunny""]",topic_reasoning,B,B,B,1.0,1.0,tie,prob_margin,0.5,lt,224,112,0.9982936979504302,False,True,0.9982936979504302,False,True,llm,accept_fs224_high_confidence,route_224,,,,0.0,False,,,224,224,1.0,224,1.0,1.0,/mnt/ssd1/mwnoh/var-resolution-mlvu-confidence/fs112_lb72_rs144/1_0.csv,/mnt/ssd1/mwnoh/var-resolution-mlvu-confidence/fs224_lb18_rs36/1_0.csv,,2172,case1_high_confidence,7,1274,0.5860165593,30,2174,2026
2006,"{""choices"": ""[\""Horror\"", \""Action\"", \""War\"", \""Documentary\""]"", ""correct_choice"": ""B"", ""question"": ""What genre of movie is the clip in the video from?"", ""video_id"": ""7_topic_reasoning/en_tv_22""}",7_topic_reasoning/en_tv_22,What genre of movie is the clip in the video from?,"[""Horror"", ""Action"", ""War"", ""Documentary""]",topic_reasoning,B,A,A,0.0,0.0,tie,prob_margin,0.5,lt,224,112,0.8979384079575539,False,True,0.8979384079575539,False,True,llm,accept_fs224_high_confidence,route_224,,,,0.0,False,,,224,224,0.0,224,0.0,0.0,/mnt/ssd1/mwnoh/var-resolution-mlvu-confidence/fs112_lb72_rs144/1_0.csv,/mnt/ssd1/mwnoh/var-resolution-mlvu-confidence/fs224_lb18_rs36/1_0.csv,,2006,case1_high_confidence,8,1274,0.5860165593,30,2174,2026
1546,"{""choices"": ""[\""stomping grapes --> milking cow --> making jewelry --> water sliding\"", \""water sliding --> stomping grapes --> making jewelry --> milking cow\"", \""milking cow --> making jewelry --> stomping grapes --> water sliding\"", \""milking cow --> water sliding --> making jewelry --> stomping grapes\""]"", ""correct_choice"": ""A"", ""question"": ""Which of the following options correctly matches the sequence of actions as they actually appear in the video?"", ""video_id"": ""5_order/order_237""}",5_order/order_237,Which of the following options correctly matches the sequence of actions as they actually appear in the video?,"[""stomping grapes --> milking cow --> making jewelry --> water sliding"", ""water sliding --> stomping grapes --> making jewelry --> milking cow"", ""milking cow --> making jewelry --> stomping grapes --> water sliding"", ""milking cow --> water sliding --> making jewelry --> stomping grapes""]",order,A,C,C,0.0,0.0,tie,prob_margin,0.5,lt,224,112,0.7486035972833633,False,True,0.7486035972833633,False,True,llm,accept_fs224_high_confidence,route_224,,,,0.0,False,,,224,224,0.0,224,0.0,0.0,/mnt/ssd1/mwnoh/var-resolution-mlvu-confidence/fs112_lb72_rs144/1_0.csv,/mnt/ssd1/mwnoh/var-resolution-mlvu-confidence/fs224_lb18_rs36/1_0.csv,,1546,case1_high_confidence,9,1274,0.5860165593,30,2174,2026
2044,"{""choices"": ""[\""Desert\"", \""Forest\"", \""Mountain\"", \""City\""]"", ""correct_choice"": ""B"", ""question"": ""What is the main outdoor setting where the game protagonist is located?"", ""video_id"": ""7_topic_reasoning/game_30""}",7_topic_reasoning/game_30,What is the main outdoor setting where the game protagonist is located?,"[""Desert"", ""Forest"", ""Mountain"", ""City""]",topic_reasoning,B,B,B,1.0,1.0,tie,prob_margin,0.5,lt,224,112,0.887056328356266,False,True,0.887056328356266,False,True,llm,accept_fs224_high_confidence,route_224,,,,0.0,False,,,224,224,1.0,224,1.0,1.0,/mnt/ssd1/mwnoh/var-resolution-mlvu-confidence/fs112_lb72_rs144/1_0.csv,/mnt/ssd1/mwnoh/var-resolution-mlvu-confidence/fs224_lb18_rs36/1_0.csv,,2044,case1_high_confidence,10,1274,0.5860165593,30,2174,2026
1983,"{""choices"": ""[\""Sunny\"", \""Snowing\"", \""Windy\"", \""Drizzling\""]"", ""correct_choice"": ""A"", ""question"": ""What is the weather like in the video?"", ""video_id"": ""7_topic_reasoning/ego_2""}",7_topic_reasoning/ego_2,What is the weather like in the video?,"[""Sunny"", ""Snowing"", ""Windy"", ""Drizzling""]",topic_reasoning,A,A,A,1.0,1.0,tie,prob_margin,0.5,lt,224,112,0.8288582414388657,False,True,0.8288582414388657,False,True,llm,accept_fs224_high_confidence,route_224,,,,0.0,False,,,224,224,1.0,224,1.0,1.0,/mnt/ssd1/mwnoh/var-resolution-mlvu-confidence/fs112_lb72_rs144/1_0.csv,/mnt/ssd1/mwnoh/var-resolution-mlvu-confidence/fs224_lb18_rs36/1_0.csv,,1983,case1_high_confidence,11,1274,0.5860165593,30,2174,2026
1842,"{""choices"": ""[\""Burglary\"", \""Fighting\"", \""Shoplifting\"", \""Explosion\""]"", ""correct_choice"": ""C"", ""question"": ""Are there any irregularities in this surveillance video? If there are, what sort are they?"", ""video_id"": ""6_anomaly_reco/surveil_37""}",6_anomaly_reco/surveil_37,"Are there any irregularities in this surveillance video? If there are, what sort are they?","[""Burglary"", ""Fighting"", ""Shoplifting"", ""Explosion""]",anomaly_reco,C,C,C,1.0,1.0,tie,prob_margin,0.5,lt,224,112,0.9872409128583968,False,True,0.9872409128583968,False,True,llm,accept_fs224_high_confidence,route_224,,,,0.0,False,,,224,224,1.0,224,1.0,1.0,/mnt/ssd1/mwnoh/var-resolution-mlvu-confidence/fs112_lb72_rs144/1_0.csv,/mnt/ssd1/mwnoh/var-resolution-mlvu-confidence/fs224_lb18_rs36/1_0.csv,,1842,case1_high_confidence,12,1274,0.5860165593,30,2174,2026
2078,"{""choices"": ""[\""Marketplace\"", \""Park\"", \""Office\"", \""Stadium\""]"", ""correct_choice"": ""A"", ""question"": ""What is the main setting of the video?"", ""video_id"": ""7_topic_reasoning/movie101_107""}",7_topic_reasoning/movie101_107,What is the main setting of the video?,"[""Marketplace"", ""Park"", ""Office"", ""Stadium""]",topic_reasoning,A,A,A,1.0,1.0,tie,prob_margin,0.5,lt,224,112,0.9987549320503604,False,True,0.9987549320503604,False,True,llm,accept_fs224_high_confidence,route_224,,,,0.0,False,,,224,224,1.0,224,1.0,1.0,/mnt/ssd1/mwnoh/var-resolution-mlvu-confidence/fs112_lb72_rs144/1_0.csv,/mnt/ssd1/mwnoh/var-resolution-mlvu-confidence/fs224_lb18_rs36/1_0.csv,,2078,case1_high_confidence,13,1274,0.5860165593,30,2174,2026
1684,"{""choices"": ""[\""4->3->2->1\"", \""1->2->3->4\"", \""3->2->1->4\"", \""2->1->4->3\""]"", ""correct_choice"": ""D"", ""question"": ""Arrange the following events from the video in the correct chronological order: (1) Woman measures and cuts the wallpaper; (2) Woman grabs wallpaper paste and materials; (3) Woman hangs the wallpaper and flattens it; (4) Woman pastes the wallpaper with a brush and soaks it."", ""video_id"": ""5_order/order_70""}",5_order/order_70,Arrange the following events from the video in the correct chronological order: (1) Woman measures and cuts the wallpaper; (2) Woman grabs wallpaper paste and materials; (3) Woman hangs the wallpaper and flattens it; (4) Woman pastes the wallpaper with a brush and soaks it.,"[""4->3->2->1"", ""1->2->3->4"", ""3->2->1->4"", ""2->1->4->3""]",order,D,D,D,1.0,1.0,tie,prob_margin,0.5,lt,224,112,0.9537429418414831,False,True,0.9537429418414831,False,True,llm,accept_fs224_high_confidence,route_224,,,,0.0,False,,,224,224,1.0,224,1.0,1.0,/mnt/ssd1/mwnoh/var-resolution-mlvu-confidence/fs112_lb72_rs144/1_0.csv,/mnt/ssd1/mwnoh/var-resolution-mlvu-confidence/fs224_lb18_rs36/1_0.csv,,1684,case1_high_confidence,14,1274,0.5860165593,30,2174,2026
767,"{""choices"": ""[\""In a restaurant\"", \""In a garment factory\"", \""In a hospital\"", \""In a school\""]"", ""correct_choice"": ""B"", ""question"": ""Where is the woman working?"", ""video_id"": ""2_needle/needle_56""}",2_needle/needle_56,Where is the woman working?,"[""In a restaurant"", ""In a garment factory"", ""In a hospital"", ""In a school""]",findNeedle,B,B,B,1.0,1.0,tie,prob_margin,0.5,lt,224,112,0.9795411583036184,False,True,0.9795411583036184,False,True,llm,accept_fs224_high_confidence,route_224,,,,0.0,False,,,224,224,1.0,224,1.0,1.0,/mnt/ssd1/mwnoh/var-resolution-mlvu-confidence/fs112_lb72_rs144/1_0.csv,/mnt/ssd1/mwnoh/var-resolution-mlvu-confidence/fs224_lb18_rs36/1_0.csv,,767,case1_high_confidence,15,1274,0.5860165593,30,2174,2026
9,"{""choices"": ""[\""Through the crane's hook\"", \""By stepping on other people's shoulders\"", \""Jumping down from a helicopter\"", \""Jumping from the top of a truck\""]"", ""correct_choice"": ""A"", ""question"": ""How do the person in light-colored clothes and the person in dark-colored clothes climb onto the blue crane?"", ""video_id"": ""1_plotQA/9""}",1_plotQA/9,How do the person in light-colored clothes and the person in dark-colored clothes climb onto the blue crane?,"[""Through the crane's hook"", ""By stepping on other people's shoulders"", ""Jumping down from a helicopter"", ""Jumping from the top of a truck""]",plotQA,A,B,B,0.0,0.0,tie,prob_margin,0.5,lt,224,112,0.6058149635791779,False,True,0.6058149635791779,False,True,llm,accept_fs224_high_confidence,route_224,,,,0.0,False,,,224,224,0.0,224,0.0,0.0,/mnt/ssd1/mwnoh/var-resolution-mlvu-confidence/fs112_lb72_rs144/1_0.csv,/mnt/ssd1/mwnoh/var-resolution-mlvu-confidence/fs224_lb18_rs36/1_0.csv,,9,case1_high_confidence,16,1274,0.5860165593,30,2174,2026
2156,"{""choices"": ""[\""Comedy\"", \""Mystery\"", \""Action\"", \""Documentary\""]"", ""correct_choice"": ""D"", ""question"": ""What type of film is this?"", ""video_id"": ""7_topic_reasoning/movie101_89""}",7_topic_reasoning/movie101_89,What type of film is this?,"[""Comedy"", ""Mystery"", ""Action"", ""Documentary""]",topic_reasoning,D,D,D,1.0,1.0,tie,prob_margin,0.5,lt,224,112,0.9888661899603903,False,True,0.9888661899603903,False,True,llm,accept_fs224_high_confidence,route_224,,,,0.0,False,,,224,224,1.0,224,1.0,1.0,/mnt/ssd1/mwnoh/var-resolution-mlvu-confidence/fs112_lb72_rs144/1_0.csv,/mnt/ssd1/mwnoh/var-resolution-mlvu-confidence/fs224_lb18_rs36/1_0.csv,,2156,case1_high_confidence,17,1274,0.5860165593,30,2174,2026
279,"{""choices"": ""[\""Green\"", \""Black\"", \""Red\"", \""Yellow\""]"", ""correct_choice"": ""C"", ""question"": ""What color is the monster with wings in the forest in the movie?"", ""video_id"": ""1_plotQA/movie101_28""}",1_plotQA/movie101_28,What color is the monster with wings in the forest in the movie?,"[""Green"", ""Black"", ""Red"", ""Yellow""]",plotQA,C,A,A,0.0,0.0,tie,prob_margin,0.5,lt,224,112,0.5135127604007721,False,True,0.5135127604007721,False,True,llm,accept_fs224_high_confidence,route_224,,,,0.0,False,,,224,224,0.0,224,0.0,0.0,/mnt/ssd1/mwnoh/var-resolution-mlvu-confidence/fs112_lb72_rs144/1_0.csv,/mnt/ssd1/mwnoh/var-resolution-mlvu-confidence/fs224_lb18_rs36/1_0.csv,,279,case1_high_confidence,18,1274,0.5860165593,30,2174,2026
370,"{""choices"": ""[\""Red\"", \""Yellow\"", \""White\"", \""Green\""]"", ""correct_choice"": ""A"", ""question"": ""What color pants does the woman wear when walking the dog?"", ""video_id"": ""1_plotQA/movie101_6""}",1_plotQA/movie101_6,What color pants does the woman wear when walking the dog?,"[""Red"", ""Yellow"", ""White"", ""Green""]",plotQA,A,C,C,0.0,0.0,tie,prob_margin,0.5,lt,224,112,0.6647135615348816,False,True,0.6647135615348816,False,True,llm,accept_fs224_high_confidence,route_224,,,,0.0,False,,,224,224,0.0,224,0.0,0.0,/mnt/ssd1/mwnoh/var-resolution-mlvu-confidence/fs112_lb72_rs144/1_0.csv,/mnt/ssd1/mwnoh/var-resolution-mlvu-confidence/fs224_lb18_rs36/1_0.csv,,370,case1_high_confidence,19,1274,0.5860165593,30,2174,2026
877,"{""choices"": ""[\""Standing\"", \""Sitting\"", \""Kneeling\"", \""Lying down\""]"", ""correct_choice"": ""B"", ""question"": ""What is the female potter's position while stirring paint?"", ""video_id"": ""2_needle/needle_95""}",2_needle/needle_95,What is the female potter's position while stirring paint?,"[""Standing"", ""Sitting"", ""Kneeling"", ""Lying down""]",findNeedle,B,B,B,1.0,1.0,tie,prob_margin,0.5,lt,224,112,0.8644361160695553,False,True,0.8644361160695553,False,True,llm,accept_fs224_high_confidence,route_224,,,,0.0,False,,,224,224,1.0,224,1.0,1.0,/mnt/ssd1/mwnoh/var-resolution-mlvu-confidence/fs112_lb72_rs144/1_0.csv,/mnt/ssd1/mwnoh/var-resolution-mlvu-confidence/fs224_lb18_rs36/1_0.csv,,877,case1_high_confidence,20,1274,0.5860165593,30,2174,2026
335,"{""choices"": ""[\""Black\"", \""Red\"", \""Blue\"", \""Green\""]"", ""correct_choice"": ""B"", ""question"": ""What color is the pottery on the ground in the video?"", ""video_id"": ""1_plotQA/movie101_41""}",1_plotQA/movie101_41,What color is the pottery on the ground in the video?,"[""Black"", ""Red"", ""Blue"", ""Green""]",plotQA,B,B,B,1.0,1.0,tie,prob_margin,0.5,lt,224,112,0.8582869842648506,False,True,0.8582869842648506,False,True,llm,accept_fs224_high_confidence,route_224,,,,0.0,False,,,224,224,1.0,224,1.0,1.0,/mnt/ssd1/mwnoh/var-resolution-mlvu-confidence/fs112_lb72_rs144/1_0.csv,/mnt/ssd1/mwnoh/var-resolution-mlvu-confidence/fs224_lb18_rs36/1_0.csv,,335,case1_high_confidence,21,1274,0.5860165593,30,2174,2026
1713,"{""choices"": ""[\""RoadAccidents\"", \""Arrest\"", \""Assault\"", \""Stealing\""]"", ""correct_choice"": ""B"", ""question"": ""Is there anything unusual in this surveillance video? If there is, what type of unusual activity is it?"", ""video_id"": ""6_anomaly_reco/surveil_10""}",6_anomaly_reco/surveil_10,"Is there anything unusual in this surveillance video? If there is, what type of unusual activity is it?","[""RoadAccidents"", ""Arrest"", ""Assault"", ""Stealing""]",anomaly_reco,B,D,C,0.0,0.0,tie,prob_margin,0.5,lt,224,112,0.518061026930809,False,False,0.518061026930809,False,False,llm,accept_fs224_high_confidence,route_224,,,,0.0,False,,,224,224,0.0,224,0.0,0.0,/mnt/ssd1/mwnoh/var-resolution-mlvu-confidence/fs112_lb72_rs144/1_0.csv,/mnt/ssd1/mwnoh/var-resolution-mlvu-confidence/fs224_lb18_rs36/1_0.csv,,1713,case1_high_confidence,22,1274,0.5860165593,30,2174,2026
37,"{""choices"": ""[\""Green\"", \""Blue\"", \""Orange\"", \""White\""]"", ""correct_choice"": ""D"", ""question"": ""What color is the hair of the woman giving a speech on the stage?"", ""video_id"": ""1_plotQA/en_tv_18""}",1_plotQA/en_tv_18,What color is the hair of the woman giving a speech on the stage?,"[""Green"", ""Blue"", ""Orange"", ""White""]",plotQA,D,D,D,1.0,1.0,tie,prob_margin,0.5,lt,224,112,0.5759344398975372,False,True,0.5759344398975372,False,True,llm,accept_fs224_high_confidence,route_224,,,,0.0,False,,,224,224,1.0,224,1.0,1.0,/mnt/ssd1/mwnoh/var-resolution-mlvu-confidence/fs112_lb72_rs144/1_0.csv,/mnt/ssd1/mwnoh/var-resolution-mlvu-confidence/fs224_lb18_rs36/1_0.csv,,37,case1_high_confidence,23,1274,0.5860165593,30,2174,2026
1841,"{""choices"": ""[\""Arson\"", \""RoadAccidents\"", \""Shoplifting\"", \""Arrest\""]"", ""correct_choice"": ""C"", ""question"": ""Is there any abnormality in this surveillance video? If so, what type of abnormality is it?"", ""video_id"": ""6_anomaly_reco/surveil_36""}",6_anomaly_reco/surveil_36,"Is there any abnormality in this surveillance video? If so, what type of abnormality is it?","[""Arson"", ""RoadAccidents"", ""Shoplifting"", ""Arrest""]",anomaly_reco,C,D,D,0.0,0.0,tie,prob_margin,0.5,lt,224,112,0.8764344565570354,False,True,0.8764344565570354,False,True,llm,accept_fs224_high_confidence,route_224,,,,0.0,False,,,224,224,0.0,224,0.0,0.0,/mnt/ssd1/mwnoh/var-resolution-mlvu-confidence/fs112_lb72_rs144/1_0.csv,/mnt/ssd1/mwnoh/var-resolution-mlvu-confidence/fs224_lb18_rs36/1_0.csv,,1841,case1_high_confidence,24,1274,0.5860165593,30,2174,2026
976,"{""choices"": ""[\""in the garden area\"", \""in the kitchen\"", \""on the roof\"", \""under the bed\""]"", ""correct_choice"": ""A"", ""question"": ""Where was the square bucket before I picked it up?"", ""video_id"": ""3_ego/ego_28""}",3_ego/ego_28,Where was the square bucket before I picked it up?,"[""in the garden area"", ""in the kitchen"", ""on the roof"", ""under the bed""]",ego,A,C,C,0.0,0.0,tie,prob_margin,0.5,lt,224,112,0.6680160015821457,False,True,0.6680160015821457,False,True,llm,accept_fs224_high_confidence,route_224,,,,0.0,False,,,224,224,0.0,224,0.0,0.0,/mnt/ssd1/mwnoh/var-resolution-mlvu-confidence/fs112_lb72_rs144/1_0.csv,/mnt/ssd1/mwnoh/var-resolution-mlvu-confidence/fs224_lb18_rs36/1_0.csv,,976,case1_high_confidence,25,1274,0.5860165593,30,2174,2026
690,"{""choices"": ""[\""Writing an email\"", \""Watching a movie\"", \""Playing a game\"", \""Shopping online\""]"", ""correct_choice"": ""D"", ""question"": ""What is the woman doing on the computer?"", ""video_id"": ""2_needle/needle_32""}",2_needle/needle_32,What is the woman doing on the computer?,"[""Writing an email"", ""Watching a movie"", ""Playing a game"", ""Shopping online""]",findNeedle,D,D,D,1.0,1.0,tie,prob_margin,0.5,lt,224,112,0.9777996623888612,False,True,0.9777996623888612,False,True,llm,accept_fs224_high_confidence,route_224,,,,0.0,False,,,224,224,1.0,224,1.0,1.0,/mnt/ssd1/mwnoh/var-resolution-mlvu-confidence/fs112_lb72_rs144/1_0.csv,/mnt/ssd1/mwnoh/var-resolution-mlvu-confidence/fs224_lb18_rs36/1_0.csv,,690,case1_high_confidence,26,1274,0.5860165593,30,2174,2026
1424,"{""choices"": ""[\""5\"", \""6\"", \""3\"", \""0\""]"", ""correct_choice"": ""A"", ""question"": ""In this video, how many times does the scene of the 'cleaning toilet' action appear in total?"", ""video_id"": ""4_count/count_71""}",4_count/count_71,"In this video, how many times does the scene of the 'cleaning toilet' action appear in total?","[""5"", ""6"", ""3"", ""0""]",count,A,C,C,0.0,0.0,tie,prob_margin,0.5,lt,224,112,0.5835618376731873,False,True,0.5835618376731873,False,True,llm,accept_fs224_high_confidence,route_224,,,,0.0,False,,,224,224,0.0,224,0.0,0.0,/mnt/ssd1/mwnoh/var-resolution-mlvu-confidence/fs112_lb72_rs144/1_0.csv,/mnt/ssd1/mwnoh/var-resolution-mlvu-confidence/fs224_lb18_rs36/1_0.csv,,1424,case1_high_confidence,27,1274,0.5860165593,30,2174,2026
795,"{""choices"": ""[\""Spring season\"", \""Dry season\"", \""Winter season\"", \""Rainy season\""]"", ""correct_choice"": ""B"", ""question"": ""What season is depicted in the video segment where the forest fire is happening?"", ""video_id"": ""2_needle/needle_64""}",2_needle/needle_64,What season is depicted in the video segment where the forest fire is happening?,"[""Spring season"", ""Dry season"", ""Winter season"", ""Rainy season""]",findNeedle,B,B,B,1.0,1.0,tie,prob_margin,0.5,lt,224,112,0.5912850797176361,False,True,0.5912850797176361,False,True,llm,accept_fs224_high_confidence,route_224,,,,0.0,False,,,224,224,1.0,224,1.0,1.0,/mnt/ssd1/mwnoh/var-resolution-mlvu-confidence/fs112_lb72_rs144/1_0.csv,/mnt/ssd1/mwnoh/var-resolution-mlvu-confidence/fs224_lb18_rs36/1_0.csv,,795,case1_high_confidence,28,1274,0.5860165593,30,2174,2026
1136,"{""choices"": ""[\""blue book\"", \""red ball\"", \""green vase\"", \""white box\""]"", ""correct_choice"": ""D"", ""question"": ""What did I put in the cabinet?"", ""video_id"": ""3_ego/ego_63""}",3_ego/ego_63,What did I put in the cabinet?,"[""blue book"", ""red ball"", ""green vase"", ""white box""]",ego,D,D,D,1.0,1.0,tie,prob_margin,0.5,lt,224,112,0.8768316432833672,False,True,0.8768316432833672,False,True,llm,accept_fs224_high_confidence,route_224,,,,0.0,False,,,224,224,1.0,224,1.0,1.0,/mnt/ssd1/mwnoh/var-resolution-mlvu-confidence/fs112_lb72_rs144/1_0.csv,/mnt/ssd1/mwnoh/var-resolution-mlvu-confidence/fs224_lb18_rs36/1_0.csv,,1136,case1_high_confidence,29,1274,0.5860165593,30,2174,2026
1402,"{""choices"": ""[\""3\"", \""0\"", \""4\"", \""2\""]"", ""correct_choice"": ""A"", ""question"": ""In this video, how many times does the scene of the 'abseiling' action appear in total?"", ""video_id"": ""4_count/count_5""}",4_count/count_5,"In this video, how many times does the scene of the 'abseiling' action appear in total?","[""3"", ""0"", ""4"", ""2""]",count,A,D,D,0.0,0.0,tie,prob_margin,0.5,lt,224,112,0.37791675329208374,True,True,0.37791675329208374,True,True,llm,low_confidence_agree_accept_answer,route_224,,,,0.0,False,,,224,224,0.0,224,0.0,0.0,/mnt/ssd1/mwnoh/var-resolution-mlvu-confidence/fs112_lb72_rs144/1_0.csv,/mnt/ssd1/mwnoh/var-resolution-mlvu-confidence/fs224_lb18_rs36/1_0.csv,,1402,case2_low_confidence_agree,0,562,0.2585096596,30,2174,2026
1446,"{""choices"": ""[\""0\"", \""1\"", \""3\"", \""2\""]"", ""correct_choice"": ""B"", ""question"": ""In this video, how many times does the scene of the 'playing harp' action appear in total?"", ""video_id"": ""4_count/count_93""}",4_count/count_93,"In this video, how many times does the scene of the 'playing harp' action appear in total?","[""0"", ""1"", ""3"", ""2""]",count,B,B,B,1.0,1.0,tie,prob_margin,0.5,lt,224,112,0.39749592542648315,True,True,0.39749592542648315,True,True,llm,low_confidence_agree_accept_answer,route_224,,,,0.0,False,,,224,224,1.0,224,1.0,1.0,/mnt/ssd1/mwnoh/var-resolution-mlvu-confidence/fs112_lb72_rs144/1_0.csv,/mnt/ssd1/mwnoh/var-resolution-mlvu-confidence/fs224_lb18_rs36/1_0.csv,,1446,case2_low_confidence_agree,1,562,0.2585096596,30,2174,2026
1846,"{""choices"": ""[\""Stealing\"", \""Shooting\"", \""RoadAccidents\"", \""Robbery\""]"", ""correct_choice"": ""D"", ""question"": ""Is there anything unusual in this surveillance video? If there is, what type of unusual activity is it?"", ""video_id"": ""6_anomaly_reco/surveil_40""}",6_anomaly_reco/surveil_40,"Is there anything unusual in this surveillance video? If there is, what type of unusual activity is it?","[""Stealing"", ""Shooting"", ""RoadAccidents"", ""Robbery""]",anomaly_reco,D,A,A,0.0,0.0,tie,prob_margin,0.5,lt,224,112,0.24394404888153076,True,True,0.24394404888153076,True,True,llm,low_confidence_agree_accept_answer,route_224,,,,0.0,False,,,224,224,0.0,224,0.0,0.0,/mnt/ssd1/mwnoh/var-resolution-mlvu-confidence/fs112_lb72_rs144/1_0.csv,/mnt/ssd1/mwnoh/var-resolution-mlvu-confidence/fs224_lb18_rs36/1_0.csv,,1846,case2_low_confidence_agree,2,562,0.2585096596,30,2174,2026
331,"{""choices"": ""[\""Blue\"", \""Black\"", \""Green\"", \""Red\""]"", ""correct_choice"": ""A"", ""question"": ""What color is the clothing of the person filling the water bottle inside the Buddha statue?"", ""video_id"": ""1_plotQA/movie101_40""}",1_plotQA/movie101_40,What color is the clothing of the person filling the water bottle inside the Buddha statue?,"[""Blue"", ""Black"", ""Green"", ""Red""]",plotQA,A,B,B,0.0,0.0,tie,prob_margin,0.5,lt,224,112,0.41545043885707855,True,True,0.41545043885707855,True,True,llm,low_confidence_agree_accept_answer,route_224,,,,0.0,False,,,224,224,0.0,224,0.0,0.0,/mnt/ssd1/mwnoh/var-resolution-mlvu-confidence/fs112_lb72_rs144/1_0.csv,/mnt/ssd1/mwnoh/var-resolution-mlvu-confidence/fs224_lb18_rs36/1_0.csv,,331,case2_low_confidence_agree,3,562,0.2585096596,30,2174,2026
1370,"{""choices"": ""[\""3\"", \""4\"", \""1\"", \""6\""]"", ""correct_choice"": ""B"", ""question"": ""In this video, how many times does the scene of the 'paragliding' action appear in total?"", ""video_id"": ""4_count/count_232""}",4_count/count_232,"In this video, how many times does the scene of the 'paragliding' action appear in total?","[""3"", ""4"", ""1"", ""6""]",count,B,A,A,0.0,0.0,tie,prob_margin,0.5,lt,224,112,0.15825608372688293,True,True,0.15825608372688293,True,True,llm,low_confidence_agree_accept_answer,route_224,,,,0.0,False,,,224,224,0.0,224,0.0,0.0,/mnt/ssd1/mwnoh/var-resolution-mlvu-confidence/fs112_lb72_rs144/1_0.csv,/mnt/ssd1/mwnoh/var-resolution-mlvu-confidence/fs224_lb18_rs36/1_0.csv,,1370,case2_low_confidence_agree,4,562,0.2585096596,30,2174,2026
397,"{""choices"": ""[\""Cabinet\"", \""Water\"", \""Soil\"", \""Ice\""]"", ""correct_choice"": ""D"", ""question"": ""In the video, what did the man in black dig the goods out of?"", ""video_id"": ""1_plotQA/movie101_69""}",1_plotQA/movie101_69,"In the video, what did the man in black dig the goods out of?","[""Cabinet"", ""Water"", ""Soil"", ""Ice""]",plotQA,D,D,D,1.0,1.0,tie,prob_margin,0.5,lt,224,112,0.4490567594766617,True,True,0.4490567594766617,True,True,llm,low_confidence_agree_accept_answer,route_224,,,,0.0,False,,,224,224,1.0,224,1.0,1.0,/mnt/ssd1/mwnoh/var-resolution-mlvu-confidence/fs112_lb72_rs144/1_0.csv,/mnt/ssd1/mwnoh/var-resolution-mlvu-confidence/fs224_lb18_rs36/1_0.csv,,397,case2_low_confidence_agree,5,562,0.2585096596,30,2174,2026
2100,"{""choices"": ""[\""Horror\"", \""Modern\"", \""War\"", \""Comedy\""]"", ""correct_choice"": ""B"", ""question"": ""What is the genre of the movie clip?"", ""video_id"": ""7_topic_reasoning/movie101_25""}",7_topic_reasoning/movie101_25,What is the genre of the movie clip?,"[""Horror"", ""Modern"", ""War"", ""Comedy""]",topic_reasoning,B,B,B,1.0,1.0,tie,prob_margin,0.5,lt,224,112,0.056904375553131104,True,True,0.056904375553131104,True,True,llm,low_confidence_agree_accept_answer,route_224,,,,0.0,False,,,224,224,1.0,224,1.0,1.0,/mnt/ssd1/mwnoh/var-resolution-mlvu-confidence/fs112_lb72_rs144/1_0.csv,/mnt/ssd1/mwnoh/var-resolution-mlvu-confidence/fs224_lb18_rs36/1_0.csv,,2100,case2_low_confidence_agree,6,562,0.2585096596,30,2174,2026
1265,"{""choices"": ""[\""3\"", \""2\"", \""0\"", \""5\""]"", ""correct_choice"": ""B"", ""question"": ""In this video, how many times does the scene of the 'stomping grapes' action appear in total?"", ""video_id"": ""4_count/count_116""}",4_count/count_116,"In this video, how many times does the scene of the 'stomping grapes' action appear in total?","[""3"", ""2"", ""0"", ""5""]",count,B,B,B,1.0,1.0,tie,prob_margin,0.5,lt,224,112,0.2780154049396515,True,True,0.2780154049396515,True,True,llm,low_confidence_agree_accept_answer,route_224,,,,0.0,False,,,224,224,1.0,224,1.0,1.0,/mnt/ssd1/mwnoh/var-resolution-mlvu-confidence/fs112_lb72_rs144/1_0.csv,/mnt/ssd1/mwnoh/var-resolution-mlvu-confidence/fs224_lb18_rs36/1_0.csv,,1265,case2_low_confidence_agree,7,562,0.2585096596,30,2174,2026
1255,"{""choices"": ""[\""5\"", \""0\"", \""6\"", \""3\""]"", ""correct_choice"": ""A"", ""question"": ""Throughout this video, what is the total count of occurrences for the scene featuring the 'carving pumpkin' action"", ""video_id"": ""4_count/count_107""}",4_count/count_107,"Throughout this video, what is the total count of occurrences for the scene featuring the 'carving pumpkin' action","[""5"", ""0"", ""6"", ""3""]",count,A,D,D,0.0,0.0,tie,prob_margin,0.5,lt,224,112,0.15467360615730286,True,True,0.15467360615730286,True,True,llm,low_confidence_agree_accept_answer,route_224,,,,0.0,False,,,224,224,0.0,224,0.0,0.0,/mnt/ssd1/mwnoh/var-resolution-mlvu-confidence/fs112_lb72_rs144/1_0.csv,/mnt/ssd1/mwnoh/var-resolution-mlvu-confidence/fs224_lb18_rs36/1_0.csv,,1255,case2_low_confidence_agree,8,562,0.2585096596,30,2174,2026
1624,"{""choices"": ""[\""jetskiing --> shredding paper --> milking cow --> baking cookies\"", \""milking cow --> jetskiing --> shredding paper --> baking cookies\"", \""milking cow --> jetskiing --> baking cookies --> shredding paper\"", \""baking cookies --> jetskiing --> milking cow --> shredding paper\""]"", ""correct_choice"": ""B"", ""question"": ""Which of the following options correctly matches the sequence of actions as they actually appear in the video?"", ""video_id"": ""5_order/order_320""}",5_order/order_320,Which of the following options correctly matches the sequence of actions as they actually appear in the video?,"[""jetskiing --> shredding paper --> milking cow --> baking cookies"", ""milking cow --> jetskiing --> shredding paper --> baking cookies"", ""milking cow --> jetskiing --> baking cookies --> shredding paper"", ""baking cookies --> jetskiing --> milking cow --> shredding paper""]",order,B,B,B,1.0,1.0,tie,prob_margin,0.5,lt,224,112,0.11355075240135193,True,True,0.11355075240135193,True,True,llm,low_confidence_agree_accept_answer,route_224,,,,0.0,False,,,224,224,1.0,224,1.0,1.0,/mnt/ssd1/mwnoh/var-resolution-mlvu-confidence/fs112_lb72_rs144/1_0.csv,/mnt/ssd1/mwnoh/var-resolution-mlvu-confidence/fs224_lb18_rs36/1_0.csv,,1624,case2_low_confidence_agree,9,562,0.2585096596,30,2174,2026
685,"{""choices"": ""[\""Not specified\"", \""Female\"", \""Male\"", \""Both male and female\""]"", ""correct_choice"": ""B"", ""question"": ""What is the gender of the patient the young attractive hispanic medical doctor is discussing health issues with?"", ""video_id"": ""2_needle/needle_3""}",2_needle/needle_3,What is the gender of the patient the young attractive hispanic medical doctor is discussing health issues with?,"[""Not specified"", ""Female"", ""Male"", ""Both male and female""]",findNeedle,B,B,B,1.0,1.0,tie,prob_margin,0.5,lt,224,112,0.4575606882572174,True,True,0.4575606882572174,True,True,llm,low_confidence_agree_accept_answer,route_224,,,,0.0,False,,,224,224,1.0,224,1.0,1.0,/mnt/ssd1/mwnoh/var-resolution-mlvu-confidence/fs112_lb72_rs144/1_0.csv,/mnt/ssd1/mwnoh/var-resolution-mlvu-confidence/fs224_lb18_rs36/1_0.csv,,685,case2_low_confidence_agree,10,562,0.2585096596,30,2174,2026
1313,"{""choices"": ""[\""1\"", \""0\"", \""4\"", \""3\""]"", ""correct_choice"": ""C"", ""question"": ""Throughout this video, what is the total count of occurrences for the scene featuring the 'cooking sausages' action"", ""video_id"": ""4_count/count_166""}",4_count/count_166,"Throughout this video, what is the total count of occurrences for the scene featuring the 'cooking sausages' action","[""1"", ""0"", ""4"", ""3""]",count,C,A,A,0.0,0.0,tie,prob_margin,0.5,lt,224,112,0.0,True,True,0.0,True,True,llm,low_confidence_agree_accept_answer,route_224,,,,0.0,False,,,224,224,0.0,224,0.0,0.0,/mnt/ssd1/mwnoh/var-resolution-mlvu-confidence/fs112_lb72_rs144/1_0.csv,/mnt/ssd1/mwnoh/var-resolution-mlvu-confidence/fs224_lb18_rs36/1_0.csv,,1313,case2_low_confidence_agree,11,562,0.2585096596,30,2174,2026
99,"{""choices"": ""[\""Black\"", \""Green\"", \""Red\"", \""White\""]"", ""correct_choice"": ""C"", ""question"": ""What color is the skirt worn by the old woman in the video?"", ""video_id"": ""1_plotQA/en_tv_36""}",1_plotQA/en_tv_36,What color is the skirt worn by the old woman in the video?,"[""Black"", ""Green"", ""Red"", ""White""]",plotQA,C,D,D,0.0,0.0,tie,prob_margin,0.5,lt,224,112,0.1340133249759674,True,True,0.1340133249759674,True,True,llm,low_confidence_agree_accept_answer,route_224,,,,0.0,False,,,224,224,0.0,224,0.0,0.0,/mnt/ssd1/mwnoh/var-resolution-mlvu-confidence/fs112_lb72_rs144/1_0.csv,/mnt/ssd1/mwnoh/var-resolution-mlvu-confidence/fs224_lb18_rs36/1_0.csv,,99,case2_low_confidence_agree,12,562,0.2585096596,30,2174,2026
1431,"{""choices"": ""[\""2\"", \""3\"", \""4\"", \""5\""]"", ""correct_choice"": ""D"", ""question"": ""In this video, how many instances are there of the 'abseiling' action scene in total?"", ""video_id"": ""4_count/count_8""}",4_count/count_8,"In this video, how many instances are there of the 'abseiling' action scene in total?","[""2"", ""3"", ""4"", ""5""]",count,D,A,A,0.0,0.0,tie,prob_margin,0.5,lt,224,112,0.2651585638523102,True,True,0.2651585638523102,True,True,llm,low_confidence_agree_accept_answer,route_224,,,,0.0,False,,,224,224,0.0,224,0.0,0.0,/mnt/ssd1/mwnoh/var-resolution-mlvu-confidence/fs112_lb72_rs144/1_0.csv,/mnt/ssd1/mwnoh/var-resolution-mlvu-confidence/fs224_lb18_rs36/1_0.csv,,1431,case2_low_confidence_agree,13,562,0.2585096596,30,2174,2026
1413,"{""choices"": ""[\""4\"", \""5\"", \""3\"", \""1\""]"", ""correct_choice"": ""C"", ""question"": ""In this video, how many times does the scene of the 'abseiling' action appear in total?"", ""video_id"": ""4_count/count_6""}",4_count/count_6,"In this video, how many times does the scene of the 'abseiling' action appear in total?","[""4"", ""5"", ""3"", ""1""]",count,C,C,C,1.0,1.0,tie,prob_margin,0.5,lt,224,112,0.19663050770759583,True,True,0.19663050770759583,True,True,llm,low_confidence_agree_accept_answer,route_224,,,,0.0,False,,,224,224,1.0,224,1.0,1.0,/mnt/ssd1/mwnoh/var-resolution-mlvu-confidence/fs112_lb72_rs144/1_0.csv,/mnt/ssd1/mwnoh/var-resolution-mlvu-confidence/fs224_lb18_rs36/1_0.csv,,1413,case2_low_confidence_agree,14,562,0.2585096596,30,2174,2026
1631,"{""choices"": ""[\""playing harp --> paragliding --> shredding paper --> jetskiing\"", \""jetskiing --> shredding paper --> playing harp --> paragliding\"", \""jetskiing --> paragliding --> playing harp --> shredding paper\"", \""jetskiing --> shredding paper --> paragliding --> playing harp\""]"", ""correct_choice"": ""C"", ""question"": ""Please identify the option that corresponds to the order of events as they occur in the video."", ""video_id"": ""5_order/order_327""}",5_order/order_327,Please identify the option that corresponds to the order of events as they occur in the video.,"[""playing harp --> paragliding --> shredding paper --> jetskiing"", ""jetskiing --> shredding paper --> playing harp --> paragliding"", ""jetskiing --> paragliding --> playing harp --> shredding paper"", ""jetskiing --> shredding paper --> paragliding --> playing harp""]",order,C,C,C,1.0,1.0,tie,prob_margin,0.5,lt,224,112,0.17056596279144287,True,True,0.17056596279144287,True,True,llm,low_confidence_agree_accept_answer,route_224,,,,0.0,False,,,224,224,1.0,224,1.0,1.0,/mnt/ssd1/mwnoh/var-resolution-mlvu-confidence/fs112_lb72_rs144/1_0.csv,/mnt/ssd1/mwnoh/var-resolution-mlvu-confidence/fs224_lb18_rs36/1_0.csv,,1631,case2_low_confidence_agree,15,562,0.2585096596,30,2174,2026
1568,"{""choices"": ""[\""4->3->2->1\"", \""1->2->3->4\"", \""3->2->1->4\"", \""2->1->3->4\""]"", ""correct_choice"": ""B"", ""question"": ""Arrange the following events from the video in the correct chronological order: (1)Two people are paddling down rapids on a river in canoes; (2)One of them stops at a bank where there is a person in a blue canoe; (3)People are seen in a group large red tube rapids ride; (4)They pass by a building and then fall into the water."", ""video_id"": ""5_order/order_26""}",5_order/order_26,Arrange the following events from the video in the correct chronological order: (1)Two people are paddling down rapids on a river in canoes; (2)One of them stops at a bank where there is a person in a blue canoe; (3)People are seen in a group large red tube rapids ride; (4)They pass by a building and then fall into the water.,"[""4->3->2->1"", ""1->2->3->4"", ""3->2->1->4"", ""2->1->3->4""]",order,B,B,B,1.0,1.0,tie,prob_margin,0.5,lt,224,112,0.1147041916847229,True,True,0.1147041916847229,True,True,llm,low_confidence_agree_accept_answer,route_224,,,,0.0,False,,,224,224,1.0,224,1.0,1.0,/mnt/ssd1/mwnoh/var-resolution-mlvu-confidence/fs112_lb72_rs144/1_0.csv,/mnt/ssd1/mwnoh/var-resolution-mlvu-confidence/fs224_lb18_rs36/1_0.csv,,1568,case2_low_confidence_agree,16,562,0.2585096596,30,2174,2026
400,"{""choices"": ""[\""Green\"", \""Yellow\"", \""Red\"", \""White\""]"", ""correct_choice"": ""D"", ""question"": ""What color is the cover of the books on the bookshelf at the end of the video?"", ""video_id"": ""1_plotQA/movie101_7""}",1_plotQA/movie101_7,What color is the cover of the books on the bookshelf at the end of the video?,"[""Green"", ""Yellow"", ""Red"", ""White""]",plotQA,D,D,D,1.0,1.0,tie,prob_margin,0.5,lt,224,112,0.2889709174633026,True,True,0.2889709174633026,True,True,llm,low_confidence_agree_accept_answer,route_224,,,,0.0,False,,,224,224,1.0,224,1.0,1.0,/mnt/ssd1/mwnoh/var-resolution-mlvu-confidence/fs112_lb72_rs144/1_0.csv,/mnt/ssd1/mwnoh/var-resolution-mlvu-confidence/fs224_lb18_rs36/1_0.csv,,400,case2_low_confidence_agree,17,562,0.2585096596,30,2174,2026
1513,"{""choices"": ""[\""2->1->3->4\"", \""1->2->3->4\"", \""4->3->2->1\"", \""3->2->1->4\""]"", ""correct_choice"": ""B"", ""question"": ""Arrange the following events from the video in the correct chronological order: (1)A young and a kid are doing balance in a balance rope; (2)People are walking in a bridge to see a competition of men doing tricks on top of a balance rope; (3)A man is jumping and doing tricks in a balance rope above a cold river; (4)The boy is in a competition in snowy path doing tricks on a balance rope with people behind a fence watching him."", ""video_id"": ""5_order/order_2""}",5_order/order_2,Arrange the following events from the video in the correct chronological order: (1)A young and a kid are doing balance in a balance rope; (2)People are walking in a bridge to see a competition of men doing tricks on top of a balance rope; (3)A man is jumping and doing tricks in a balance rope above a cold river; (4)The boy is in a competition in snowy path doing tricks on a balance rope with people behind a fence watching him.,"[""2->1->3->4"", ""1->2->3->4"", ""4->3->2->1"", ""3->2->1->4""]",order,B,B,B,1.0,1.0,tie,prob_margin,0.5,lt,224,112,0.1762656569480896,True,True,0.1762656569480896,True,True,llm,low_confidence_agree_accept_answer,route_224,,,,0.0,False,,,224,224,1.0,224,1.0,1.0,/mnt/ssd1/mwnoh/var-resolution-mlvu-confidence/fs112_lb72_rs144/1_0.csv,/mnt/ssd1/mwnoh/var-resolution-mlvu-confidence/fs224_lb18_rs36/1_0.csv,,1513,case2_low_confidence_agree,18,562,0.2585096596,30,2174,2026
1776,"{""choices"": ""[\""Arrest\"", \""Explosion\"", \""Arson\"", \""Shooting\""]"", ""correct_choice"": ""B"", ""question"": ""Is there any abnormality in this surveillance video? If so, what type of abnormality is it?"", ""video_id"": ""6_anomaly_reco/surveil_157""}",6_anomaly_reco/surveil_157,"Is there any abnormality in this surveillance video? If so, what type of abnormality is it?","[""Arrest"", ""Explosion"", ""Arson"", ""Shooting""]",anomaly_reco,B,A,A,0.0,0.0,tie,prob_margin,0.5,lt,224,112,0.48280951380729675,True,True,0.48280951380729675,True,True,llm,low_confidence_agree_accept_answer,route_224,,,,0.0,False,,,224,224,0.0,224,0.0,0.0,/mnt/ssd1/mwnoh/var-resolution-mlvu-confidence/fs112_lb72_rs144/1_0.csv,/mnt/ssd1/mwnoh/var-resolution-mlvu-confidence/fs224_lb18_rs36/1_0.csv,,1776,case2_low_confidence_agree,19,562,0.2585096596,30,2174,2026
515,"{""choices"": ""[\""Coral\"", \""Starfish\"", \""Small fish\"", \""Seaweed\""]"", ""correct_choice"": ""D"", ""question"": ""What is the cartoon carp holding?"", ""video_id"": ""1_plotQA/xiaoliyu_1""}",1_plotQA/xiaoliyu_1,What is the cartoon carp holding?,"[""Coral"", ""Starfish"", ""Small fish"", ""Seaweed""]",plotQA,D,D,D,1.0,1.0,tie,prob_margin,0.5,lt,224,112,0.25904929637908936,True,True,0.25904929637908936,True,True,llm,low_confidence_agree_accept_answer,route_224,,,,0.0,False,,,224,224,1.0,224,1.0,1.0,/mnt/ssd1/mwnoh/var-resolution-mlvu-confidence/fs112_lb72_rs144/1_0.csv,/mnt/ssd1/mwnoh/var-resolution-mlvu-confidence/fs224_lb18_rs36/1_0.csv,,515,case2_low_confidence_agree,20,562,0.2585096596,30,2174,2026
1571,"{""choices"": ""[\""pole vault --> jetskiing --> zumba --> clean and jerk\"", \""pole vault --> clean and jerk --> zumba --> jetskiing\"", \""jetskiing --> pole vault --> zumba --> clean and jerk\"", \""clean and jerk --> jetskiing --> zumba --> pole vault\""]"", ""correct_choice"": ""B"", ""question"": ""Can you tell me which option represents the actual order of actions shown in the video?"", ""video_id"": ""5_order/order_263""}",5_order/order_263,Can you tell me which option represents the actual order of actions shown in the video?,"[""pole vault --> jetskiing --> zumba --> clean and jerk"", ""pole vault --> clean and jerk --> zumba --> jetskiing"", ""jetskiing --> pole vault --> zumba --> clean and jerk"", ""clean and jerk --> jetskiing --> zumba --> pole vault""]",order,B,B,B,1.0,1.0,tie,prob_margin,0.5,lt,224,112,0.2060958445072174,True,True,0.2060958445072174,True,True,llm,low_confidence_agree_accept_answer,route_224,,,,0.0,False,,,224,224,1.0,224,1.0,1.0,/mnt/ssd1/mwnoh/var-resolution-mlvu-confidence/fs112_lb72_rs144/1_0.csv,/mnt/ssd1/mwnoh/var-resolution-mlvu-confidence/fs224_lb18_rs36/1_0.csv,,1571,case2_low_confidence_agree,21,562,0.2585096596,30,2174,2026
1808,"{""choices"": ""[\""Abuse\"", \""Arson\"", \""Stealing\"", \""Robbery\""]"", ""correct_choice"": ""D"", ""question"": ""Is there any abnormality in this surveillance video? If so, what type of abnormality is it?"", ""video_id"": ""6_anomaly_reco/surveil_186""}",6_anomaly_reco/surveil_186,"Is there any abnormality in this surveillance video? If so, what type of abnormality is it?","[""Abuse"", ""Arson"", ""Stealing"", ""Robbery""]",anomaly_reco,D,D,D,1.0,1.0,tie,prob_margin,0.5,lt,224,112,0.2444286048412323,True,True,0.2444286048412323,True,True,llm,low_confidence_agree_accept_answer,route_224,,,,0.0,False,,,224,224,1.0,224,1.0,1.0,/mnt/ssd1/mwnoh/var-resolution-mlvu-confidence/fs112_lb72_rs144/1_0.csv,/mnt/ssd1/mwnoh/var-resolution-mlvu-confidence/fs224_lb18_rs36/1_0.csv,,1808,case2_low_confidence_agree,22,562,0.2585096596,30,2174,2026
1711,"{""choices"": ""[\""Shooting\"", \""Fighting\"", \""Assault\"", \""Arson\""]"", ""correct_choice"": ""B"", ""question"": ""Does this surveillance footage contain any anomalies? If yes, which kind of anomaly?"", ""video_id"": ""6_anomaly_reco/surveil_0""}",6_anomaly_reco/surveil_0,"Does this surveillance footage contain any anomalies? If yes, which kind of anomaly?","[""Shooting"", ""Fighting"", ""Assault"", ""Arson""]",anomaly_reco,B,B,B,1.0,1.0,tie,prob_margin,0.5,lt,224,112,0.2934253215789795,True,True,0.2934253215789795,True,True,llm,low_confidence_agree_accept_answer,route_224,,,,0.0,False,,,224,224,1.0,224,1.0,1.0,/mnt/ssd1/mwnoh/var-resolution-mlvu-confidence/fs112_lb72_rs144/1_0.csv,/mnt/ssd1/mwnoh/var-resolution-mlvu-confidence/fs224_lb18_rs36/1_0.csv,,1711,case2_low_confidence_agree,23,562,0.2585096596,30,2174,2026
1509,"{""choices"": ""[\""2->4->3->1\"", \""3->2->4->1\"", \""4->3->2->1\"", \""1->2->3->4\""]"", ""correct_choice"": ""A"", ""question"": ""Arrange the following events from the video in the correct chronological order: (1)The woman hangs the washed clothes on a line; (2)The woman fills a metal bucket with water; (3)The woman washes and scrubs clothes by hand; (4)The woman places a small wooden stool near a larger bucket."", ""video_id"": ""5_order/order_176""}",5_order/order_176,Arrange the following events from the video in the correct chronological order: (1)The woman hangs the washed clothes on a line; (2)The woman fills a metal bucket with water; (3)The woman washes and scrubs clothes by hand; (4)The woman places a small wooden stool near a larger bucket.,"[""2->4->3->1"", ""3->2->4->1"", ""4->3->2->1"", ""1->2->3->4""]",order,A,A,A,1.0,1.0,tie,prob_margin,0.5,lt,224,112,0.12003090977668762,True,True,0.12003090977668762,True,True,llm,low_confidence_agree_accept_answer,route_224,,,,0.0,False,,,224,224,1.0,224,1.0,1.0,/mnt/ssd1/mwnoh/var-resolution-mlvu-confidence/fs112_lb72_rs144/1_0.csv,/mnt/ssd1/mwnoh/var-resolution-mlvu-confidence/fs224_lb18_rs36/1_0.csv,,1509,case2_low_confidence_agree,24,562,0.2585096596,30,2174,2026
1908,"{""choices"": ""[\""Assault\"", \""Shooting\"", \""Fighting\"", \""RoadAccidents\""]"", ""correct_choice"": ""A"", ""question"": ""Is there any abnormality in this surveillance video? If so, what type of abnormality is it?"", ""video_id"": ""6_anomaly_reco/surveil_97""}",6_anomaly_reco/surveil_97,"Is there any abnormality in this surveillance video? If so, what type of abnormality is it?","[""Assault"", ""Shooting"", ""Fighting"", ""RoadAccidents""]",anomaly_reco,A,C,C,0.0,0.0,tie,prob_margin,0.5,lt,224,112,0.3563886284828186,True,True,0.3563886284828186,True,True,llm,low_confidence_agree_accept_answer,route_224,,,,0.0,False,,,224,224,0.0,224,0.0,0.0,/mnt/ssd1/mwnoh/var-resolution-mlvu-confidence/fs112_lb72_rs144/1_0.csv,/mnt/ssd1/mwnoh/var-resolution-mlvu-confidence/fs224_lb18_rs36/1_0.csv,,1908,case2_low_confidence_agree,25,562,0.2585096596,30,2174,2026
1185,"{""choices"": ""[\""on the roof\"", \""under the bed\"", \""on the table.\"", \""in the refrigerator\""]"", ""correct_choice"": ""C"", ""question"": ""Where was the router?"", ""video_id"": ""3_ego/ego_72""}",3_ego/ego_72,Where was the router?,"[""on the roof"", ""under the bed"", ""on the table."", ""in the refrigerator""]",ego,C,C,C,1.0,1.0,tie,prob_margin,0.5,lt,224,112,0.3529891073703766,True,True,0.3529891073703766,True,True,llm,low_confidence_agree_accept_answer,route_224,,,,0.0,False,,,224,224,1.0,224,1.0,1.0,/mnt/ssd1/mwnoh/var-resolution-mlvu-confidence/fs112_lb72_rs144/1_0.csv,/mnt/ssd1/mwnoh/var-resolution-mlvu-confidence/fs224_lb18_rs36/1_0.csv,,1185,case2_low_confidence_agree,26,562,0.2585096596,30,2174,2026
1564,"{""choices"": ""[\""shredding paper --> clean and jerk --> playing trombone --> javelin throw\"", \""javelin throw --> shredding paper --> playing trombone --> clean and jerk\"", \""clean and jerk --> javelin throw --> playing trombone --> shredding paper\"", \""shredding paper --> javelin throw --> clean and jerk --> playing trombone\""]"", ""correct_choice"": ""B"", ""question"": ""Can you tell me which option represents the actual order of actions shown in the video?"", ""video_id"": ""5_order/order_256""}",5_order/order_256,Can you tell me which option represents the actual order of actions shown in the video?,"[""shredding paper --> clean and jerk --> playing trombone --> javelin throw"", ""javelin throw --> shredding paper --> playing trombone --> clean and jerk"", ""clean and jerk --> javelin throw --> playing trombone --> shredding paper"", ""shredding paper --> javelin throw --> clean and jerk --> playing trombone""]",order,B,D,D,0.0,0.0,tie,prob_margin,0.5,lt,224,112,0.3798372149467468,True,True,0.3798372149467468,True,True,llm,low_confidence_agree_accept_answer,route_224,,,,0.0,False,,,224,224,0.0,224,0.0,0.0,/mnt/ssd1/mwnoh/var-resolution-mlvu-confidence/fs112_lb72_rs144/1_0.csv,/mnt/ssd1/mwnoh/var-resolution-mlvu-confidence/fs224_lb18_rs36/1_0.csv,,1564,case2_low_confidence_agree,27,562,0.2585096596,30,2174,2026
1679,"{""choices"": ""[\""3->1->4->2\"", \""3->1->2->4\"", \""1->2->3->4\"", \""2->3->1->4\""]"", ""correct_choice"": ""B"", ""question"": ""Arrange the following events from the video in the correct chronological order: (1)The mix is poured into cupcake liners; (2)A cake with a Hershey shape is placed on a white plate; (3)Eggs, flour, and other ingredients are mixed in a bowl; (4)The cake is cut into a piece and served on a white plate."", ""video_id"": ""5_order/order_66""}",5_order/order_66,"Arrange the following events from the video in the correct chronological order: (1)The mix is poured into cupcake liners; (2)A cake with a Hershey shape is placed on a white plate; (3)Eggs, flour, and other ingredients are mixed in a bowl; (4)The cake is cut into a piece and served on a white plate.","[""3->1->4->2"", ""3->1->2->4"", ""1->2->3->4"", ""2->3->1->4""]",order,B,B,B,1.0,1.0,tie,prob_margin,0.5,lt,224,112,0.46081647276878357,True,True,0.46081647276878357,True,True,llm,low_confidence_agree_accept_answer,route_224,,,,0.0,False,,,224,224,1.0,224,1.0,1.0,/mnt/ssd1/mwnoh/var-resolution-mlvu-confidence/fs112_lb72_rs144/1_0.csv,/mnt/ssd1/mwnoh/var-resolution-mlvu-confidence/fs224_lb18_rs36/1_0.csv,,1679,case2_low_confidence_agree,28,562,0.2585096596,30,2174,2026
1872,"{""choices"": ""[\""Arrest\"", \""Robbery\"", \""Shooting\"", \""Explosion\""]"", ""correct_choice"": ""A"", ""question"": ""Are there any irregularities in this surveillance video? If there are, what sort are they?"", ""video_id"": ""6_anomaly_reco/surveil_64""}",6_anomaly_reco/surveil_64,"Are there any irregularities in this surveillance video? If there are, what sort are they?","[""Arrest"", ""Robbery"", ""Shooting"", ""Explosion""]",anomaly_reco,A,B,B,0.0,0.0,tie,prob_margin,0.5,lt,224,112,0.05638301372528076,True,True,0.05638301372528076,True,True,llm,low_confidence_agree_accept_answer,route_224,,,,0.0,False,,,224,224,0.0,224,0.0,0.0,/mnt/ssd1/mwnoh/var-resolution-mlvu-confidence/fs112_lb72_rs144/1_0.csv,/mnt/ssd1/mwnoh/var-resolution-mlvu-confidence/fs224_lb18_rs36/1_0.csv,,1872,case2_low_confidence_agree,29,562,0.2585096596,30,2174,2026
63,"{""choices"": ""[\""Green\"", \""Red\"", \""Blue\"", \""Black\""]"", ""correct_choice"": ""A"", ""question"": ""What color is the top worn by the woman among the three people chatting at the end of the clip?"", ""video_id"": ""1_plotQA/en_tv_24""}",1_plotQA/en_tv_24,What color is the top worn by the woman among the three people chatting at the end of the clip?,"[""Green"", ""Red"", ""Blue"", ""Black""]",plotQA,A,A,D,1.0,0.0,route_112,prob_margin,0.5,lt,224,112,0.054978251457214355,True,False,0.054978251457214355,True,False,llm,llm_verifier_disagreement,route_112,X,0.72,"X has higher top1_prob and much larger margin, with lower entropy than Y.",0.0,False,,,224,112,1.0,112,1.0,1.0,/mnt/ssd1/mwnoh/var-resolution-mlvu-confidence/fs112_lb72_rs144/1_0.csv,/mnt/ssd1/mwnoh/var-resolution-mlvu-confidence/fs224_lb18_rs36/1_0.csv,"{""choice"":""X"",""confidence"":0.72,""reason"":""X has higher top1_prob and much larger margin, with lower entropy than Y.""}",63,case3_low_confidence_disagree,0,338,0.1554737810,30,2174,2026
1767,"{""choices"": ""[\""Robbery\"", \""Burglary\"", \""Explosion\"", \""Shooting\""]"", ""correct_choice"": ""B"", ""question"": ""Are there any irregularities in this surveillance video? If there are, what sort are they?"", ""video_id"": ""6_anomaly_reco/surveil_149""}",6_anomaly_reco/surveil_149,"Are there any irregularities in this surveillance video? If there are, what sort are they?","[""Robbery"", ""Burglary"", ""Explosion"", ""Shooting""]",anomaly_reco,B,B,A,1.0,0.0,route_112,prob_margin,0.5,lt,224,112,0.21666446328163147,True,False,0.21666446328163147,True,False,llm,llm_verifier_disagreement,route_112,X,0.58,"X has slightly higher top1_prob and prob_margin, and lower entropy is the only weaker signal.",0.0,False,,,224,112,1.0,112,1.0,1.0,/mnt/ssd1/mwnoh/var-resolution-mlvu-confidence/fs112_lb72_rs144/1_0.csv,/mnt/ssd1/mwnoh/var-resolution-mlvu-confidence/fs224_lb18_rs36/1_0.csv,"{""choice"":""X"",""confidence"":0.58,""reason"":""X has slightly higher top1_prob and prob_margin, and lower entropy is the only weaker signal.""}",1767,case3_low_confidence_disagree,1,338,0.1554737810,30,2174,2026
691,"{""choices"": ""[\""She is a middle-aged woman\"", \""She is an elderly woman\"", \""She is a beautiful woman\"", \""She is a young girl\""]"", ""correct_choice"": ""C"", ""question"": ""What is the woman's appearance?"", ""video_id"": ""2_needle/needle_32""}",2_needle/needle_32,What is the woman's appearance?,"[""She is a middle-aged woman"", ""She is an elderly woman"", ""She is a beautiful woman"", ""She is a young girl""]",findNeedle,C,A,C,0.0,1.0,route_224,prob_margin,0.5,lt,224,112,0.382236123085022,True,False,0.382236123085022,True,False,llm,llm_verifier_disagreement,route_224,X,0.72,X has higher top1_prob and much larger prob_margin; entropy is only slightly better for Y.,0.0,False,,,224,224,1.0,224,1.0,1.0,/mnt/ssd1/mwnoh/var-resolution-mlvu-confidence/fs112_lb72_rs144/1_0.csv,/mnt/ssd1/mwnoh/var-resolution-mlvu-confidence/fs224_lb18_rs36/1_0.csv,"{""choice"":""X"",""confidence"":0.72,""reason"":""X has higher top1_prob and much larger prob_margin; entropy is only slightly better for Y.""}",691,case3_low_confidence_disagree,2,338,0.1554737810,30,2174,2026
405,"{""choices"": ""[\""Green\"", \""White\"", \""Red\"", \""Black\""]"", ""correct_choice"": ""D"", ""question"": ""What color is the woman's dress in the video?"", ""video_id"": ""1_plotQA/movie101_70""}",1_plotQA/movie101_70,What color is the woman's dress in the video?,"[""Green"", ""White"", ""Red"", ""Black""]",plotQA,D,C,D,0.0,1.0,route_224,prob_margin,0.5,lt,224,112,0.45110878348350525,True,False,0.45110878348350525,True,False,llm,llm_verifier_disagreement,route_224,X,0.78,"X has higher top1_prob and prob_margin, plus lower entropy, indicating stronger confidence.",0.0,False,,,224,224,1.0,224,1.0,1.0,/mnt/ssd1/mwnoh/var-resolution-mlvu-confidence/fs112_lb72_rs144/1_0.csv,/mnt/ssd1/mwnoh/var-resolution-mlvu-confidence/fs224_lb18_rs36/1_0.csv,"{""choice"":""X"",""confidence"":0.78,""reason"":""X has higher top1_prob and prob_margin, plus lower entropy, indicating stronger confidence.""}",405,case3_low_confidence_disagree,3,338,0.1554737810,30,2174,2026
110,"{""choices"": ""[\""The woman slipped and was caught by the man again\"", \""The woman successfully escaped\"", \""The woman was killed by others while running away\"", \""The woman was caught by the police while running away\""]"", ""correct_choice"": ""A"", ""question"": ""After the woman shot at the man, what happened to the woman?"", ""video_id"": ""1_plotQA/en_tv_4""}",1_plotQA/en_tv_4,"After the woman shot at the man, what happened to the woman?","[""The woman slipped and was caught by the man again"", ""The woman successfully escaped"", ""The woman was killed by others while running away"", ""The woman was caught by the police while running away""]",plotQA,A,D,A,0.0,1.0,route_224,prob_margin,0.5,lt,224,112,0.05154997110366821,True,False,0.05154997110366821,True,False,llm,llm_verifier_disagreement,route_112,Y,0.74,"Y has higher top1_prob and much larger prob_margin, with slightly lower entropy.",0.0,False,,,224,112,0.0,224,1.0,1.0,/mnt/ssd1/mwnoh/var-resolution-mlvu-confidence/fs112_lb72_rs144/1_0.csv,/mnt/ssd1/mwnoh/var-resolution-mlvu-confidence/fs224_lb18_rs36/1_0.csv,"{""choice"":""Y"",""confidence"":0.74,""reason"":""Y has higher top1_prob and much larger prob_margin, with slightly lower entropy.""}",110,case3_low_confidence_disagree,4,338,0.1554737810,30,2174,2026
1590,"{""choices"": ""[\""stomping grapes --> tossing coin --> zumba --> cleaning toilet\"", \""zumba --> tossing coin --> stomping grapes --> cleaning toilet\"", \""tossing coin --> cleaning toilet --> stomping grapes --> zumba\"", \""cleaning toilet --> stomping grapes --> zumba --> tossing coin\""]"", ""correct_choice"": ""D"", ""question"": ""Please identify the option that corresponds to the order of events as they occur in the video."", ""video_id"": ""5_order/order_283""}",5_order/order_283,Please identify the option that corresponds to the order of events as they occur in the video.,"[""stomping grapes --> tossing coin --> zumba --> cleaning toilet"", ""zumba --> tossing coin --> stomping grapes --> cleaning toilet"", ""tossing coin --> cleaning toilet --> stomping grapes --> zumba"", ""cleaning toilet --> stomping grapes --> zumba --> tossing coin""]",order,D,C,D,0.0,1.0,route_224,prob_margin,0.5,lt,224,112,0.04059615731239319,True,False,0.04059615731239319,True,False,llm,llm_verifier_disagreement,route_112,Y,0.67,Y has higher top1_prob and lower entropy; X only has a small margin advantage.,0.0,False,,,224,112,0.0,224,1.0,1.0,/mnt/ssd1/mwnoh/var-resolution-mlvu-confidence/fs112_lb72_rs144/1_0.csv,/mnt/ssd1/mwnoh/var-resolution-mlvu-confidence/fs224_lb18_rs36/1_0.csv,"{""choice"":""Y"",""confidence"":0.67,""reason"":""Y has higher top1_prob and lower entropy; X only has a small margin advantage.""}",1590,case3_low_confidence_disagree,5,338,0.1554737810,30,2174,2026
299,"{""choices"": ""[\""One\"", \""Three\"", \""Four\"", \""Two\""]"", ""correct_choice"": ""B"", ""question"": ""How many colors of smoke grenades are there in the movie?"", ""video_id"": ""1_plotQA/movie101_33""}",1_plotQA/movie101_33,How many colors of smoke grenades are there in the movie?,"[""One"", ""Three"", ""Four"", ""Two""]",plotQA,B,B,C,1.0,0.0,route_112,prob_margin,0.5,lt,224,112,0.3307204842567444,True,False,0.3307204842567444,True,False,llm,llm_verifier_disagreement,route_224,X,0.78,"X has higher top1_prob and much larger prob_margin, with lower entropy than Y.",0.0,False,,,224,224,0.0,112,1.0,1.0,/mnt/ssd1/mwnoh/var-resolution-mlvu-confidence/fs112_lb72_rs144/1_0.csv,/mnt/ssd1/mwnoh/var-resolution-mlvu-confidence/fs224_lb18_rs36/1_0.csv,"{""choice"":""X"",""confidence"":0.78,""reason"":""X has higher top1_prob and much larger prob_margin, with lower entropy than Y.""}",299,case3_low_confidence_disagree,6,338,0.1554737810,30,2174,2026
1876,"{""choices"": ""[\""Robbery\"", \""Burglary\"", \""Arrest\"", \""Arson\""]"", ""correct_choice"": ""B"", ""question"": ""Are there any irregularities in this surveillance video? If there are, what sort are they?"", ""video_id"": ""6_anomaly_reco/surveil_68""}",6_anomaly_reco/surveil_68,"Are there any irregularities in this surveillance video? If there are, what sort are they?","[""Robbery"", ""Burglary"", ""Arrest"", ""Arson""]",anomaly_reco,B,B,C,1.0,0.0,route_112,prob_margin,0.5,lt,224,112,0.14773231744766235,True,False,0.14773231744766235,True,False,llm,llm_verifier_disagreement,route_112,X,0.84,"X has substantially higher top1_prob and margin, with lower entropy, indicating stronger support.",0.0,False,,,224,112,1.0,112,1.0,1.0,/mnt/ssd1/mwnoh/var-resolution-mlvu-confidence/fs112_lb72_rs144/1_0.csv,/mnt/ssd1/mwnoh/var-resolution-mlvu-confidence/fs224_lb18_rs36/1_0.csv,"{""choice"":""X"",""confidence"":0.84,""reason"":""X has substantially higher top1_prob and margin, with lower entropy, indicating stronger support.""}",1876,case3_low_confidence_disagree,7,338,0.1554737810,30,2174,2026
1335,"{""choices"": ""[\""6\"", \""3\"", \""2\"", \""5\""]"", ""correct_choice"": ""B"", ""question"": ""In this video, how many times does the scene of the 'paragliding' action appear in total?"", ""video_id"": ""4_count/count_188""}",4_count/count_188,"In this video, how many times does the scene of the 'paragliding' action appear in total?","[""6"", ""3"", ""2"", ""5""]",count,B,B,A,1.0,0.0,route_112,prob_margin,0.5,lt,224,112,0.08445790410041809,True,False,0.08445790410041809,True,False,llm,llm_verifier_disagreement,route_112,Y,0.62,"Y has higher top1_prob and prob_margin, with slightly lower entropy, so it looks more confident overall.",0.0,False,,,224,112,1.0,112,1.0,1.0,/mnt/ssd1/mwnoh/var-resolution-mlvu-confidence/fs112_lb72_rs144/1_0.csv,/mnt/ssd1/mwnoh/var-resolution-mlvu-confidence/fs224_lb18_rs36/1_0.csv,"{""choice"":""Y"",""confidence"":0.62,""reason"":""Y has higher top1_prob and prob_margin, with slightly lower entropy, so it looks more confident overall.""}",1335,case3_low_confidence_disagree,8,338,0.1554737810,30,2174,2026
1445,"{""choices"": ""[\""3\"", \""2\"", \""5\"", \""6\""]"", ""correct_choice"": ""C"", ""question"": ""In this video, how many instances are there of the 'playing harp' action scene in total?"", ""video_id"": ""4_count/count_92""}",4_count/count_92,"In this video, how many instances are there of the 'playing harp' action scene in total?","[""3"", ""2"", ""5"", ""6""]",count,C,A,B,0.0,0.0,tie,prob_margin,0.5,lt,224,112,0.10503634810447693,True,False,0.10503634810447693,True,False,llm,llm_verifier_disagreement,route_224,Y,0.58,"Y has slightly higher top1_prob and a notably larger prob_margin, suggesting stronger support overall.",0.0,False,,,224,224,0.0,224,0.0,0.0,/mnt/ssd1/mwnoh/var-resolution-mlvu-confidence/fs112_lb72_rs144/1_0.csv,/mnt/ssd1/mwnoh/var-resolution-mlvu-confidence/fs224_lb18_rs36/1_0.csv,"{""choice"":""Y"",""confidence"":0.58,""reason"":""Y has slightly higher top1_prob and a notably larger prob_margin, suggesting stronger support overall.""}",1445,case3_low_confidence_disagree,9,338,0.1554737810,30,2174,2026
430,"{""choices"": ""[\""Black\"", \""Red\"", \""White\"", \""Yellow\""]"", ""correct_choice"": ""C"", ""question"": ""What color is the swimsuit worn by the woman diving in the sea?"", ""video_id"": ""1_plotQA/movie101_79""}",1_plotQA/movie101_79,What color is the swimsuit worn by the woman diving in the sea?,"[""Black"", ""Red"", ""White"", ""Yellow""]",plotQA,C,C,A,1.0,0.0,route_112,prob_margin,0.5,lt,224,112,0.1772141456604004,True,False,0.1772141456604004,True,False,llm,llm_verifier_disagreement,route_224,Y,0.74,Y has higher top1_prob and much larger prob_margin; entropy is similar.,0.0,False,,,224,224,0.0,112,1.0,1.0,/mnt/ssd1/mwnoh/var-resolution-mlvu-confidence/fs112_lb72_rs144/1_0.csv,/mnt/ssd1/mwnoh/var-resolution-mlvu-confidence/fs224_lb18_rs36/1_0.csv,"{""choice"":""Y"",""confidence"":0.74,""reason"":""Y has higher top1_prob and much larger prob_margin; entropy is similar.""}",430,case3_low_confidence_disagree,10,338,0.1554737810,30,2174,2026
1480,"{""choices"": ""[\""4->3->2->1\"", \""3->2->1->4\"", \""2->1->3->4\"", \""1->2->3->4\""]"", ""correct_choice"": ""D"", ""question"": ""Arrange the following events from the video in the correct chronological order: (1)Woman tapes her hands with white tape; (2)Woman starts boxing in the ring with a guy; (3)Woman does sit ups on a towel on the beach; (4)Pictures of woman in her bikini are shown."", ""video_id"": ""5_order/order_128""}",5_order/order_128,Arrange the following events from the video in the correct chronological order: (1)Woman tapes her hands with white tape; (2)Woman starts boxing in the ring with a guy; (3)Woman does sit ups on a towel on the beach; (4)Pictures of woman in her bikini are shown.,"[""4->3->2->1"", ""3->2->1->4"", ""2->1->3->4"", ""1->2->3->4""]",order,D,D,B,1.0,0.0,route_112,prob_margin,0.5,lt,224,112,0.08034226298332214,True,False,0.08034226298332214,True,False,llm,llm_verifier_disagreement,route_112,X,0.82,"X has much stronger top1 probability and margin, with lower entropy than Y.",0.0,False,,,224,112,1.0,112,1.0,1.0,/mnt/ssd1/mwnoh/var-resolution-mlvu-confidence/fs112_lb72_rs144/1_0.csv,/mnt/ssd1/mwnoh/var-resolution-mlvu-confidence/fs224_lb18_rs36/1_0.csv,"{""choice"":""X"",""confidence"":0.82,""reason"":""X has much stronger top1 probability and margin, with lower entropy than Y.""}",1480,case3_low_confidence_disagree,11,338,0.1554737810,30,2174,2026
708,"{""choices"": ""[\""Sandy beach\"", \""Wild rocky beach\"", \""Man-made beach\"", \""Pebble beach\""]"", ""correct_choice"": ""B"", ""question"": ""What type of beach is shown in the video?"", ""video_id"": ""2_needle/needle_37""}",2_needle/needle_37,What type of beach is shown in the video?,"[""Sandy beach"", ""Wild rocky beach"", ""Man-made beach"", ""Pebble beach""]",findNeedle,B,B,A,1.0,0.0,route_112,prob_margin,0.5,lt,224,112,0.2978897988796234,True,False,0.2978897988796234,True,False,llm,llm_verifier_disagreement,route_112,Y,0.89,"Y has stronger confidence on all provided signals: higher top1_prob, much larger margin, and lower entropy.",0.0,False,,,224,112,1.0,112,1.0,1.0,/mnt/ssd1/mwnoh/var-resolution-mlvu-confidence/fs112_lb72_rs144/1_0.csv,/mnt/ssd1/mwnoh/var-resolution-mlvu-confidence/fs224_lb18_rs36/1_0.csv,"{""choice"":""Y"",""confidence"":0.89,""reason"":""Y has stronger confidence on all provided signals: higher top1_prob, much larger margin, and lower entropy.""}",708,case3_low_confidence_disagree,12,338,0.1554737810,30,2174,2026
380,"{""choices"": ""[\""Camel cart\"", \""Donkey cart\"", \""Horse carriage\"", \""Ox cart\""]"", ""correct_choice"": ""D"", ""question"": ""At the beginning of the video, what kind of vehicle is the man riding?"", ""video_id"": ""1_plotQA/movie101_63""}",1_plotQA/movie101_63,"At the beginning of the video, what kind of vehicle is the man riding?","[""Camel cart"", ""Donkey cart"", ""Horse carriage"", ""Ox cart""]",plotQA,D,C,A,0.0,0.0,tie,prob_margin,0.5,lt,224,112,0.15002569556236267,True,False,0.15002569556236267,True,False,llm,llm_verifier_disagreement,route_224,X,0.61,X has higher top1_prob and much larger prob_margin; entropy is nearly tied.,0.0,False,,,224,224,0.0,224,0.0,0.0,/mnt/ssd1/mwnoh/var-resolution-mlvu-confidence/fs112_lb72_rs144/1_0.csv,/mnt/ssd1/mwnoh/var-resolution-mlvu-confidence/fs224_lb18_rs36/1_0.csv,"{""choice"":""X"",""confidence"":0.61,""reason"":""X has higher top1_prob and much larger prob_margin; entropy is nearly tied.""}",380,case3_low_confidence_disagree,13,338,0.1554737810,30,2174,2026
1901,"{""choices"": ""[\""RoadAccidents\"", \""Shooting\"", \""Arson\"", \""Fighting\""]"", ""correct_choice"": ""A"", ""question"": ""Does this surveillance footage contain any anomalies? If yes, which kind of anomaly?"", ""video_id"": ""6_anomaly_reco/surveil_90""}",6_anomaly_reco/surveil_90,"Does this surveillance footage contain any anomalies? If yes, which kind of anomaly?","[""RoadAccidents"", ""Shooting"", ""Arson"", ""Fighting""]",anomaly_reco,A,D,A,0.0,1.0,route_224,prob_margin,0.5,lt,224,112,0.28654399514198303,True,False,0.28654399514198303,True,False,llm,llm_verifier_disagreement,route_112,Y,0.72,"Y has higher top1_prob and much larger prob_margin, with slightly lower entropy.",0.0,False,,,224,112,0.0,224,1.0,1.0,/mnt/ssd1/mwnoh/var-resolution-mlvu-confidence/fs112_lb72_rs144/1_0.csv,/mnt/ssd1/mwnoh/var-resolution-mlvu-confidence/fs224_lb18_rs36/1_0.csv,"{""choice"":""Y"",""confidence"":0.72,""reason"":""Y has higher top1_prob and much larger prob_margin, with slightly lower entropy.""}",1901,case3_low_confidence_disagree,14,338,0.1554737810,30,2174,2026
1407,"{""choices"": ""[\""3\"", \""1\"", \""2\"", \""5\""]"", ""correct_choice"": ""A"", ""question"": ""Throughout this video, what is the total count of occurrences for the scene featuring the 'milking cow' action"", ""video_id"": ""4_count/count_54""}",4_count/count_54,"Throughout this video, what is the total count of occurrences for the scene featuring the 'milking cow' action","[""3"", ""1"", ""2"", ""5""]",count,A,C,A,0.0,1.0,route_224,prob_margin,0.5,lt,224,112,0.0,True,False,0.0,True,False,llm,llm_verifier_disagreement,route_112,X,0.79,"X has higher top1 probability, much larger margin, and lower entropy, indicating stronger support.",0.0,False,,,224,112,0.0,224,1.0,1.0,/mnt/ssd1/mwnoh/var-resolution-mlvu-confidence/fs112_lb72_rs144/1_0.csv,/mnt/ssd1/mwnoh/var-resolution-mlvu-confidence/fs224_lb18_rs36/1_0.csv,"{""choice"":""X"",""confidence"":0.79,""reason"":""X has higher top1 probability, much larger margin, and lower entropy, indicating stronger support.""}",1407,case3_low_confidence_disagree,15,338,0.1554737810,30,2174,2026
1633,"{""choices"": ""[\""tossing coin --> jetskiing --> zumba --> cooking sausages\"", \""tossing coin --> zumba --> jetskiing --> cooking sausages\"", \""tossing coin --> jetskiing --> cooking sausages --> zumba\"", \""jetskiing --> cooking sausages --> zumba --> tossing coin\""]"", ""correct_choice"": ""A"", ""question"": ""Which of the following options correctly matches the sequence of actions as they actually appear in the video?"", ""video_id"": ""5_order/order_329""}",5_order/order_329,Which of the following options correctly matches the sequence of actions as they actually appear in the video?,"[""tossing coin --> jetskiing --> zumba --> cooking sausages"", ""tossing coin --> zumba --> jetskiing --> cooking sausages"", ""tossing coin --> jetskiing --> cooking sausages --> zumba"", ""jetskiing --> cooking sausages --> zumba --> tossing coin""]",order,A,B,C,0.0,0.0,tie,prob_margin,0.5,lt,224,112,0.22072821855545044,True,False,0.22072821855545044,True,False,llm,llm_verifier_disagreement,route_224,X,0.67,"X has higher top1_prob and much larger margin, with lower entropy than Y.",0.0,False,,,224,224,0.0,224,0.0,0.0,/mnt/ssd1/mwnoh/var-resolution-mlvu-confidence/fs112_lb72_rs144/1_0.csv,/mnt/ssd1/mwnoh/var-resolution-mlvu-confidence/fs224_lb18_rs36/1_0.csv,"{""choice"":""X"",""confidence"":0.67,""reason"":""X has higher top1_prob and much larger margin, with lower entropy than Y.""}",1633,case3_low_confidence_disagree,16,338,0.1554737810,30,2174,2026
919,"{""choices"": ""[\""On the balcony\"", \""In the living room\"", \""In the bedroom\"", \""Beside the dining table\""]"", ""correct_choice"": ""D"", ""question"": ""Where was the blue chair?"", ""video_id"": ""3_ego/ego_16""}",3_ego/ego_16,Where was the blue chair?,"[""On the balcony"", ""In the living room"", ""In the bedroom"", ""Beside the dining table""]",ego,D,B,D,0.0,1.0,route_224,prob_margin,0.5,lt,224,112,0.11497199535369873,True,False,0.11497199535369873,True,False,llm,llm_verifier_disagreement,route_224,Y,0.67,Y has higher top1_prob and much larger prob_margin; X only slightly better on entropy.,0.0,False,,,224,224,1.0,224,1.0,1.0,/mnt/ssd1/mwnoh/var-resolution-mlvu-confidence/fs112_lb72_rs144/1_0.csv,/mnt/ssd1/mwnoh/var-resolution-mlvu-confidence/fs224_lb18_rs36/1_0.csv,"{""choice"":""Y"",""confidence"":0.67,""reason"":""Y has higher top1_prob and much larger prob_margin; X only slightly better on entropy.""}",919,case3_low_confidence_disagree,17,338,0.1554737810,30,2174,2026
1666,"{""choices"": ""[\""4->3->2->1\"", \""1->2->3->4\"", \""3->2->1->4\"", \""2->1->3->4\""]"", ""correct_choice"": ""B"", ""question"": ""Arrange the following events from the video in the correct chronological order: (1)A guy sits and talks inside; (2)A man surfs on a body of water; (3)A lady spins on skates; (4)The credits of the video are shown."", ""video_id"": ""5_order/order_52""}",5_order/order_52,Arrange the following events from the video in the correct chronological order: (1)A guy sits and talks inside; (2)A man surfs on a body of water; (3)A lady spins on skates; (4)The credits of the video are shown.,"[""4->3->2->1"", ""1->2->3->4"", ""3->2->1->4"", ""2->1->3->4""]",order,B,C,D,0.0,0.0,tie,prob_margin,0.5,lt,224,112,0.04504692554473877,True,False,0.04504692554473877,True,False,llm,llm_verifier_disagreement,route_224,X,0.56,X has slightly higher top1_prob and lower entropy; Y only has a better margin.,0.0,False,,,224,224,0.0,224,0.0,0.0,/mnt/ssd1/mwnoh/var-resolution-mlvu-confidence/fs112_lb72_rs144/1_0.csv,/mnt/ssd1/mwnoh/var-resolution-mlvu-confidence/fs224_lb18_rs36/1_0.csv,"{""choice"":""X"",""confidence"":0.56,""reason"":""X has slightly higher top1_prob and lower entropy; Y only has a better margin.""}",1666,case3_low_confidence_disagree,18,338,0.1554737810,30,2174,2026
1286,"{""choices"": ""[\""6\"", \""0\"", \""1\"", \""2\""]"", ""correct_choice"": ""D"", ""question"": ""In this video, how many times does the scene of the 'making jewelry' action appear in total?"", ""video_id"": ""4_count/count_139""}",4_count/count_139,"In this video, how many times does the scene of the 'making jewelry' action appear in total?","[""6"", ""0"", ""1"", ""2""]",count,D,D,C,1.0,0.0,route_112,prob_margin,0.5,lt,224,112,0.10781851410865784,True,False,0.10781851410865784,True,False,llm,llm_verifier_disagreement,route_112,Y,0.67,"Y has higher top1_prob and prob_margin, plus lower entropy, indicating stronger confidence.",0.0,False,,,224,112,1.0,112,1.0,1.0,/mnt/ssd1/mwnoh/var-resolution-mlvu-confidence/fs112_lb72_rs144/1_0.csv,/mnt/ssd1/mwnoh/var-resolution-mlvu-confidence/fs224_lb18_rs36/1_0.csv,"{""choice"":""Y"",""confidence"":0.67,""reason"":""Y has higher top1_prob and prob_margin, plus lower entropy, indicating stronger confidence.""}",1286,case3_low_confidence_disagree,19,338,0.1554737810,30,2174,2026
1046,"{""choices"": ""[\""Book\"", \""Cup\"", \""Pencil\"", \""Spray\""]"", ""correct_choice"": ""D"", ""question"": ""What did I put on the shelf?"", ""video_id"": ""3_ego/ego_41""}",3_ego/ego_41,What did I put on the shelf?,"[""Book"", ""Cup"", ""Pencil"", ""Spray""]",ego,D,A,D,0.0,1.0,route_224,prob_margin,0.5,lt,224,112,0.387859970331192,True,False,0.387859970331192,True,False,llm,llm_verifier_disagreement,route_224,X,0.58,"X has slightly higher top1_prob and margin, and lower entropy, so it is modestly more confident overall.",0.0,False,,,224,224,1.0,224,1.0,1.0,/mnt/ssd1/mwnoh/var-resolution-mlvu-confidence/fs112_lb72_rs144/1_0.csv,/mnt/ssd1/mwnoh/var-resolution-mlvu-confidence/fs224_lb18_rs36/1_0.csv,"{""choice"":""X"",""confidence"":0.58,""reason"":""X has slightly higher top1_prob and margin, and lower entropy, so it is modestly more confident overall.""}",1046,case3_low_confidence_disagree,20,338,0.1554737810,30,2174,2026
1639,"{""choices"": ""[\""jetskiing --> milking cow --> clean and jerk --> baking cookies\"", \""milking cow --> baking cookies --> jetskiing --> clean and jerk\"", \""clean and jerk --> jetskiing --> milking cow --> baking cookies\"", \""milking cow --> clean and jerk --> baking cookies --> jetskiing\""]"", ""correct_choice"": ""D"", ""question"": ""Which of the following options correctly matches the sequence of actions as they actually appear in the video?"", ""video_id"": ""5_order/order_335""}",5_order/order_335,Which of the following options correctly matches the sequence of actions as they actually appear in the video?,"[""jetskiing --> milking cow --> clean and jerk --> baking cookies"", ""milking cow --> baking cookies --> jetskiing --> clean and jerk"", ""clean and jerk --> jetskiing --> milking cow --> baking cookies"", ""milking cow --> clean and jerk --> baking cookies --> jetskiing""]",order,D,D,B,1.0,0.0,route_112,prob_margin,0.5,lt,224,112,0.16844016313552856,True,False,0.16844016313552856,True,False,llm,llm_verifier_disagreement,route_224,Y,0.67,"Y has higher top1_prob and prob_margin, plus lower entropy, so it looks more confident overall.",0.0,False,,,224,224,0.0,112,1.0,1.0,/mnt/ssd1/mwnoh/var-resolution-mlvu-confidence/fs112_lb72_rs144/1_0.csv,/mnt/ssd1/mwnoh/var-resolution-mlvu-confidence/fs224_lb18_rs36/1_0.csv,"{""choice"":""Y"",""confidence"":0.67,""reason"":""Y has higher top1_prob and prob_margin, plus lower entropy, so it looks more confident overall.""}",1639,case3_low_confidence_disagree,21,338,0.1554737810,30,2174,2026
2088,"{""choices"": ""[\""Rainy\"", \""Foggy\"", \""Sunny\"", \""Snowy\""]"", ""correct_choice"": ""C"", ""question"": ""What is the weather in the scene of the video?"", ""video_id"": ""7_topic_reasoning/movie101_14""}",7_topic_reasoning/movie101_14,What is the weather in the scene of the video?,"[""Rainy"", ""Foggy"", ""Sunny"", ""Snowy""]",topic_reasoning,C,C,A,1.0,0.0,route_112,prob_margin,0.5,lt,224,112,0.0,True,False,0.0,True,False,llm,llm_verifier_disagreement,route_112,Y,0.89,"Y has much higher top1_prob and prob_margin, with lower entropy, indicating stronger confidence.",0.0,False,,,224,112,1.0,112,1.0,1.0,/mnt/ssd1/mwnoh/var-resolution-mlvu-confidence/fs112_lb72_rs144/1_0.csv,/mnt/ssd1/mwnoh/var-resolution-mlvu-confidence/fs224_lb18_rs36/1_0.csv,"{""choice"":""Y"",""confidence"":0.89,""reason"":""Y has much higher top1_prob and prob_margin, with lower entropy, indicating stronger confidence.""}",2088,case3_low_confidence_disagree,22,338,0.1554737810,30,2174,2026
1529,"{""choices"": ""[\""javelin throw --> clean and jerk --> cooking sausages --> carving pumpkin\"", \""carving pumpkin --> clean and jerk --> javelin throw --> cooking sausages\"", \""cooking sausages --> javelin throw --> clean and jerk --> carving pumpkin\"", \""javelin throw --> carving pumpkin --> clean and jerk --> cooking sausages\""]"", ""correct_choice"": ""B"", ""question"": ""Can you tell me which option represents the actual order of actions shown in the video?"", ""video_id"": ""5_order/order_218""}",5_order/order_218,Can you tell me which option represents the actual order of actions shown in the video?,"[""javelin throw --> clean and jerk --> cooking sausages --> carving pumpkin"", ""carving pumpkin --> clean and jerk --> javelin throw --> cooking sausages"", ""cooking sausages --> javelin throw --> clean and jerk --> carving pumpkin"", ""javelin throw --> carving pumpkin --> clean and jerk --> cooking sausages""]",order,B,D,A,0.0,0.0,tie,prob_margin,0.5,lt,224,112,0.16555985808372498,True,False,0.16555985808372498,True,False,llm,llm_verifier_disagreement,route_112,Y,0.67,"Y has higher top1_prob and a much larger prob_margin, despite slightly higher entropy.",0.0,False,,,224,112,0.0,224,0.0,0.0,/mnt/ssd1/mwnoh/var-resolution-mlvu-confidence/fs112_lb72_rs144/1_0.csv,/mnt/ssd1/mwnoh/var-resolution-mlvu-confidence/fs224_lb18_rs36/1_0.csv,"{""choice"":""Y"",""confidence"":0.67,""reason"":""Y has higher top1_prob and a much larger prob_margin, despite slightly higher entropy.""}",1529,case3_low_confidence_disagree,23,338,0.1554737810,30,2174,2026
1479,"{""choices"": ""[\""1->2->3->4\"", \""4->3->2->1\"", \""2->1->3->4\"", \""3->2->1->4\""]"", ""correct_choice"": ""A"", ""question"": ""Arrange the following events from the video in the correct chronological order: (1)Woman tapes her hands with white tape; (2)Woman starts boxing in the ring with a guy; (3)Woman does sit ups on a towel on the beach; (4)Pictures of woman in her bikini are shown."", ""video_id"": ""5_order/order_127""}",5_order/order_127,Arrange the following events from the video in the correct chronological order: (1)Woman tapes her hands with white tape; (2)Woman starts boxing in the ring with a guy; (3)Woman does sit ups on a towel on the beach; (4)Pictures of woman in her bikini are shown.,"[""1->2->3->4"", ""4->3->2->1"", ""2->1->3->4"", ""3->2->1->4""]",order,A,A,B,1.0,0.0,route_112,prob_margin,0.5,lt,224,112,0.17908036708831787,True,False,0.17908036708831787,True,False,llm,llm_verifier_disagreement,route_112,Y,0.67,"Y has higher top1_prob and prob_margin, plus lower entropy, so it looks more confident overall.",0.0,False,,,224,112,1.0,112,1.0,1.0,/mnt/ssd1/mwnoh/var-resolution-mlvu-confidence/fs112_lb72_rs144/1_0.csv,/mnt/ssd1/mwnoh/var-resolution-mlvu-confidence/fs224_lb18_rs36/1_0.csv,"{""choice"":""Y"",""confidence"":0.67,""reason"":""Y has higher top1_prob and prob_margin, plus lower entropy, so it looks more confident overall.""}",1479,case3_low_confidence_disagree,24,338,0.1554737810,30,2174,2026
1338,"{""choices"": ""[\""1\"", \""6\"", \""2\"", \""0\""]"", ""correct_choice"": ""C"", ""question"": ""In this video, how many instances are there of the 'baking cookies' action scene in total?"", ""video_id"": ""4_count/count_190""}",4_count/count_190,"In this video, how many instances are there of the 'baking cookies' action scene in total?","[""1"", ""6"", ""2"", ""0""]",count,C,A,C,0.0,1.0,route_224,prob_margin,0.5,lt,224,112,0.084445059299469,True,False,0.084445059299469,True,False,llm,llm_verifier_disagreement,route_112,X,0.69,"X has higher top1_prob and margin, with lower entropy than Y, so it looks more confident overall.",0.0,False,,,224,112,0.0,224,1.0,1.0,/mnt/ssd1/mwnoh/var-resolution-mlvu-confidence/fs112_lb72_rs144/1_0.csv,/mnt/ssd1/mwnoh/var-resolution-mlvu-confidence/fs224_lb18_rs36/1_0.csv,"{""choice"":""X"",""confidence"":0.69,""reason"":""X has higher top1_prob and margin, with lower entropy than Y, so it looks more confident overall.""}",1338,case3_low_confidence_disagree,25,338,0.1554737810,30,2174,2026
596,"{""choices"": ""[\""Sneakers\"", \""Barefoot\"", \""Flip flops\"", \""Sports boots\""]"", ""correct_choice"": ""D"", ""question"": ""What is the owner wearing while stroking his Jack Russell dog?"", ""video_id"": ""2_needle/needle_130""}",2_needle/needle_130,What is the owner wearing while stroking his Jack Russell dog?,"[""Sneakers"", ""Barefoot"", ""Flip flops"", ""Sports boots""]",findNeedle,D,A,D,0.0,1.0,route_224,prob_margin,0.5,lt,224,112,0.1163577139377594,True,False,0.1163577139377594,True,False,llm,llm_verifier_disagreement,route_224,X,0.61,"X has higher top1_prob and lower entropy overall, despite a slightly smaller margin.",0.0,False,,,224,224,1.0,224,1.0,1.0,/mnt/ssd1/mwnoh/var-resolution-mlvu-confidence/fs112_lb72_rs144/1_0.csv,/mnt/ssd1/mwnoh/var-resolution-mlvu-confidence/fs224_lb18_rs36/1_0.csv,"{""choice"":""X"",""confidence"":0.61,""reason"":""X has higher top1_prob and lower entropy overall, despite a slightly smaller margin.""}",596,case3_low_confidence_disagree,26,338,0.1554737810,30,2174,2026
1010,"{""choices"": ""[\""no\"", \""I don't know\"", \""yes\"", \""maybe\""]"", ""correct_choice"": ""C"", ""question"": ""Did I leave the extension box on"", ""video_id"": ""3_ego/ego_36""}",3_ego/ego_36,Did I leave the extension box on,"[""no"", ""I don't know"", ""yes"", ""maybe""]",ego,C,C,A,1.0,0.0,route_112,prob_margin,0.5,lt,224,112,0.2347101867198944,True,False,0.2347101867198944,True,False,llm,llm_verifier_disagreement,route_224,X,0.64,X has higher top1_prob and a notably larger prob_margin; entropy is also slightly better.,0.0,False,,,224,224,0.0,112,1.0,1.0,/mnt/ssd1/mwnoh/var-resolution-mlvu-confidence/fs112_lb72_rs144/1_0.csv,/mnt/ssd1/mwnoh/var-resolution-mlvu-confidence/fs224_lb18_rs36/1_0.csv,"{""choice"":""X"",""confidence"":0.64,""reason"":""X has higher top1_prob and a notably larger prob_margin; entropy is also slightly better.""}",1010,case3_low_confidence_disagree,27,338,0.1554737810,30,2174,2026
964,"{""choices"": ""[\""inside the mailbox at the end of the street\"", \""under the flower vase at the entrance of the house\"", \""on top of the refrigerator in the kitchen\"", \""hidden inside the shoe rack near the door\""]"", ""correct_choice"": ""B"", ""question"": ""Where is the package in a plastic bag?"", ""video_id"": ""3_ego/ego_25""}",3_ego/ego_25,Where is the package in a plastic bag?,"[""inside the mailbox at the end of the street"", ""under the flower vase at the entrance of the house"", ""on top of the refrigerator in the kitchen"", ""hidden inside the shoe rack near the door""]",ego,B,D,B,0.0,1.0,route_224,prob_margin,0.5,lt,224,112,0.0,True,False,0.0,True,False,llm,llm_verifier_disagreement,route_112,X,0.72,X has higher top1_prob and much larger prob_margin; entropy is only slightly worse.,0.0,False,,,224,112,0.0,224,1.0,1.0,/mnt/ssd1/mwnoh/var-resolution-mlvu-confidence/fs112_lb72_rs144/1_0.csv,/mnt/ssd1/mwnoh/var-resolution-mlvu-confidence/fs224_lb18_rs36/1_0.csv,"{""choice"":""X"",""confidence"":0.72,""reason"":""X has higher top1_prob and much larger prob_margin; entropy is only slightly worse.""}",964,case3_low_confidence_disagree,28,338,0.1554737810,30,2174,2026
42,"{""choices"": ""[\""Green\"", \""Purple\"", \""White\"", \""Black\""]"", ""correct_choice"": ""D"", ""question"": ""In the scene where four people are dining and chatting, what color is the dress of the woman wearing a necklace?"", ""video_id"": ""1_plotQA/en_tv_19""}",1_plotQA/en_tv_19,"In the scene where four people are dining and chatting, what color is the dress of the woman wearing a necklace?","[""Green"", ""Purple"", ""White"", ""Black""]",plotQA,D,B,D,0.0,1.0,route_224,prob_margin,0.5,lt,224,112,0.10325661301612854,True,False,0.10325661301612854,True,False,llm,llm_verifier_disagreement,route_112,X,0.54,Slightly higher top1_prob and margin for X; entropy also a bit less favorable but overall X edges Y.,0.0,False,,,224,112,0.0,224,1.0,1.0,/mnt/ssd1/mwnoh/var-resolution-mlvu-confidence/fs112_lb72_rs144/1_0.csv,/mnt/ssd1/mwnoh/var-resolution-mlvu-confidence/fs224_lb18_rs36/1_0.csv,"{""choice"":""X"",""confidence"":0.54,""reason"":""Slightly higher top1_prob and margin for X; entropy also a bit less favorable but overall X edges Y.""}",42,case3_low_confidence_disagree,29,338,0.1554737810,30,2174,2026
